{
"type": "FeatureCollection",
"name": "forarcgis",
"crs": { "type": "name", "properties": { "name": "urn:ogc:def:crs:OGC:1.3:CRS84" } },
"features": [
{ "type": "Feature", "properties": { "name": "2nd African Presbyterian", "material": "brick", "type": "church", "height": 36.0, "height2": 36, "id": 1 }, "geometry": { "type": "MultiPolygon", "coordinates": [ [ [ [ -75.1531695413432317, 39.9426803091228422 ], [ -75.1530511541867554, 39.9426675451659179 ], [ -75.153086300373829, 39.9425172139383875 ], [ -75.1532065373296376, 39.9425342325844923 ], [ -75.1532065373296376, 39.942535650804821 ], [ -75.1531695413432317, 39.9426803091228422 ] ] ] ] } },
{ "type": "Feature", "properties": { "name": "", "material": "wood", "type": "dwelling", "height": 24.0, "height2": 24, "id": 2 }, "geometry": { "type": "MultiPolygon", "coordinates": [ [ [ [ -75.1533318394213552, 39.942579883870394 ], [ -75.1532786422759074, 39.9425744857726386 ], [ -75.1532880300074595, 39.9425283020299986 ], [ -75.1533404448419446, 39.9425366990764417 ], [ -75.1533318394213552, 39.942579883870394 ] ] ] ] } },
{ "type": "Feature", "properties": { "name": null, "material": "wood", "type": "dwelling", "height": 24.0, "height2": 24, "id": 3 }, "geometry": { "type": "MultiPolygon", "coordinates": [ [ [ [ -75.1533190743677437, 39.9425785885564366 ], [ -75.1533114993363256, 39.9426122724479669 ], [ -75.153272383788206, 39.9426074741411483 ], [ -75.1532786422759074, 39.9425744857726386 ], [ -75.1533190743677437, 39.9425785885564366 ] ] ] ] } },
{ "type": "Feature", "properties": { "name": null, "material": "brick", "type": "wall", "height": 24.0, "height2": 24, "id": 4 }, "geometry": { "type": "MultiPolygon", "coordinates": [ [ [ [ -75.1533208870678777, 39.9426254677899877 ], [ -75.1533318394213552, 39.942579883870394 ], [ -75.1533190743677437, 39.9425785885564366 ], [ -75.1533114993363256, 39.9426122724479669 ], [ -75.153272383788206, 39.9426074741411483 ], [ -75.1532669076114672, 39.942617670542738 ], [ -75.153317757824027, 39.9426260675782032 ], [ -75.1533208870678777, 39.9426254677899877 ] ] ] ] } },
{ "type": "Feature", "properties": { "name": null, "material": "wood", "type": "dwelling", "height": 24.0, "height2": 24, "id": 5 }, "geometry": { "type": "MultiPolygon", "coordinates": [ [ [ [ -75.1533138462692136, 39.9426548574062608 ], [ -75.1532622137456912, 39.942646460374327 ], [ -75.1532669076114672, 39.942617670542738 ], [ -75.153317757824027, 39.9426260675782032 ], [ -75.1533107170253771, 39.9426536578303342 ], [ -75.1533138462692136, 39.9426548574062608 ] ] ] ] } },
{ "type": "Feature", "properties": { "name": null, "material": "wood", "type": "dwelling", "height": 24.0, "height2": 24, "id": 6 }, "geometry": { "type": "MultiPolygon", "coordinates": [ [ [ [ -75.1532997646718997, 39.9426902448866485 ], [ -75.1532958531170721, 39.9426902448866485 ], [ -75.1532551729470271, 39.9426842470099004 ], [ -75.1532622137456912, 39.942646460374327 ], [ -75.1533105198726332, 39.9426543164321828 ], [ -75.1532997646718997, 39.9426902448866485 ] ] ] ] } },
{ "type": "Feature", "properties": { "name": null, "material": "wood", "type": "dwelling", "height": 24.0, "height2": 24, "id": 7 }, "geometry": { "type": "MultiPolygon", "coordinates": [ [ [ [ -75.1532825538307208, 39.9427214338372494 ], [ -75.1532879898317105, 39.9426890855253589 ], [ -75.1532551729470271, 39.9426842470099004 ], [ -75.1532473498374003, 39.9427154359632368 ], [ -75.1532825538307208, 39.9427214338372494 ] ] ] ] } },
{ "type": "Feature", "properties": { "name": null, "material": "wood", "type": "dwelling", "height": 24.0, "height2": 24, "id": 8 }, "geometry": { "type": "MultiPolygon", "coordinates": [ [ [ [ -75.153277077653982, 39.9427478244766476 ], [ -75.1532825538307208, 39.9427214338372494 ], [ -75.1532473498374003, 39.9427154359632368 ], [ -75.1532403090387362, 39.9427442257536924 ], [ -75.1532755130320567, 39.9427502236251897 ], [ -75.153277077653982, 39.9427478244766476 ] ] ] ] } },
{ "type": "Feature", "properties": { "name": null, "material": "brick", "type": "dwelling", "height": 24.0, "height2": 24, "id": 9 }, "geometry": { "type": "MultiPolygon", "coordinates": [ [ [ [ -75.1532856830745715, 39.942751423199411 ], [ -75.153272383788206, 39.9427988063648414 ], [ -75.1532708191662664, 39.9427976067914372 ], [ -75.1532301389962356, 39.9427928084976074 ], [ -75.1532403090387362, 39.9427442257536924 ], [ -75.1532755130320567, 39.9427502236251897 ], [ -75.1532757575042325, 39.9427498487582326 ], [ -75.1532856830745715, 39.942751423199411 ] ] ] ] } },
{ "type": "Feature", "properties": { "name": null, "material": "brick", "type": "dwelling", "height": 24.0, "height2": 24, "id": 10 }, "geometry": { "type": "MultiPolygon", "coordinates": [ [ [ [ -75.1533482679515572, 39.9428785779489743 ], [ -75.1533545264392728, 39.9428533869324554 ], [ -75.1532833361416834, 39.9428443901385961 ], [ -75.1532731660991544, 39.9428701809444959 ], [ -75.1533435740857954, 39.9428791777349659 ], [ -75.1533482679515572, 39.9428785779489743 ] ] ] ] } },
{ "type": "Feature", "properties": { "name": null, "material": "wood", "type": "dwelling", "height": 12.0, "height2": 12, "id": 11 }, "geometry": { "type": "MultiPolygon", "coordinates": [ [ [ [ -75.153358437994072, 39.9428305950523708 ], [ -75.1533357509761544, 39.9428281959066638 ], [ -75.1533435740857954, 39.9427862108430602 ], [ -75.1533693903475353, 39.9427880102034578 ], [ -75.1533576556831093, 39.9428311948387886 ], [ -75.153358437994072, 39.9428305950523708 ] ] ] ] } },
{ "type": "Feature", "properties": { "name": null, "material": "wood", "type": "dwelling", "height": 24.0, "height2": 24, "id": 12 }, "geometry": { "type": "MultiPolygon", "coordinates": [ [ [ [ -75.1533748665242882, 39.9427556217090682 ], [ -75.153336533287117, 39.942751423199411 ], [ -75.1533427917748185, 39.942723832986708 ], [ -75.1533819073229523, 39.9427298308599745 ], [ -75.1533748665242882, 39.9427556217090682 ] ] ] ] } },
{ "type": "Feature", "properties": { "name": null, "material": "brick", "type": "dwelling", "height": 24.0, "height2": 24, "id": 13 }, "geometry": { "type": "MultiPolygon", "coordinates": [ [ [ [ -75.1533819073229523, 39.9427298308599745 ], [ -75.1533357509761544, 39.9427208340498723 ], [ -75.1533490502625341, 39.9426668531643756 ], [ -75.1533928596764156, 39.9426728510426514 ], [ -75.1533819073229523, 39.9427298308599745 ] ] ] ] } },
{ "type": "Feature", "properties": { "name": null, "material": "wood", "type": "dwelling", "height": 24.0, "height2": 24, "id": 14 }, "geometry": { "type": "MultiPolygon", "coordinates": [ [ [ [ -75.1534030297189446, 39.9426278669428143 ], [ -75.1533568733721609, 39.9426212692723439 ], [ -75.1533686080365726, 39.9425774847158834 ], [ -75.1534124174504825, 39.9425852819677161 ], [ -75.1534030297189446, 39.9426278669428143 ] ] ] ] } },
{ "type": "Feature", "properties": { "name": null, "material": "wood", "type": "dwelling", "height": 24.0, "height2": 24, "id": 15 }, "geometry": { "type": "MultiPolygon", "coordinates": [ [ [ [ -75.1534124174504825, 39.9425852819677161 ], [ -75.1533686080365726, 39.9425774847158834 ], [ -75.1533748665242882, 39.9425396980213421 ], [ -75.1534233698039458, 39.9425468954885901 ], [ -75.1534124174504825, 39.9425852819677161 ] ] ] ] } },
{ "type": "Feature", "properties": { "name": null, "material": "brick", "type": "dwelling", "height": 24.0, "height2": 24, "id": 16 }, "geometry": { "type": "MultiPolygon", "coordinates": [ [ [ [ -75.1534703084617064, 39.9426296663073757 ], [ -75.1534045523963101, 39.942620959719136 ], [ -75.1534233698039458, 39.9425468954885901 ], [ -75.1534867369919084, 39.9425564921103842 ], [ -75.1534703084617064, 39.9426296663073757 ] ] ] ] } },
{ "type": "Feature", "properties": { "name": null, "material": "brick", "type": "dwelling", "height": 36.0, "height2": 36, "id": 17 }, "geometry": { "type": "MultiPolygon", "coordinates": [ [ [ [ -75.1535133355646252, 39.9426701519974898 ], [ -75.1534671792178415, 39.9426629545432235 ], [ -75.1534922131686471, 39.9425507941163502 ], [ -75.1535399341373562, 39.9425597909488133 ], [ -75.1535133355646252, 39.9426701519974898 ] ] ] ] } },
{ "type": "Feature", "properties": { "name": null, "material": "brick", "type": "dwelling", "height": 24.0, "height2": 24, "id": 18 }, "geometry": { "type": "MultiPolygon", "coordinates": [ [ [ [ -75.1534366690903113, 39.9426935437186401 ], [ -75.1534413629560873, 39.9426611551795361 ], [ -75.153495305940595, 39.9426673405230233 ], [ -75.1534953059406234, 39.9426673405230233 ], [ -75.1534898662357591, 39.9427007411696948 ], [ -75.1534366690903113, 39.9426935437186401 ] ] ] ] } },
{ "type": "Feature", "properties": { "name": null, "material": "brick", "type": "dwelling", "height": 24.0, "height2": 24, "id": 19 }, "geometry": { "type": "MultiPolygon", "coordinates": [ [ [ [ -75.1534820431261466, 39.9427313303282148 ], [ -75.1534304106026241, 39.9427247326677204 ], [ -75.1534366690903113, 39.9426935437186401 ], [ -75.1534898662357591, 39.9427007411696948 ], [ -75.1534820431261466, 39.9427313303282148 ] ] ] ] } },
{ "type": "Feature", "properties": { "name": null, "material": "brick", "type": "dwelling", "height": 24.0, "height2": 24, "id": 20 }, "geometry": { "type": "MultiPolygon", "coordinates": [ [ [ [ -75.1534734377055571, 39.9427631190470933 ], [ -75.1534241521149227, 39.9427565213896756 ], [ -75.1534304106026241, 39.9427247326677204 ], [ -75.1534820431261466, 39.9427313303282148 ], [ -75.1534734377055571, 39.9427631190470933 ] ] ] ] } },
{ "type": "Feature", "properties": { "name": null, "material": "brick", "type": "dwelling", "height": 24.0, "height2": 24, "id": 21 }, "geometry": { "type": "MultiPolygon", "coordinates": [ [ [ [ -75.1534671792178415, 39.942796707111377 ], [ -75.1534734377055571, 39.9427631190470933 ], [ -75.1534241521149227, 39.9427565213896756 ], [ -75.1534131997614452, 39.9427913090307314 ], [ -75.1534671792178415, 39.942796707111377 ] ] ] ] } },
{ "type": "Feature", "properties": { "name": null, "material": "brick", "type": "dwelling", "height": 24.0, "height2": 24, "id": 22 }, "geometry": { "type": "MultiPolygon", "coordinates": [ [ [ [ -75.1534570091753409, 39.9428278960134406 ], [ -75.1534077235847064, 39.9428224979352535 ], [ -75.1534131997614452, 39.9427913090307314 ], [ -75.1534671792178415, 39.942796707111377 ], [ -75.1534570091753409, 39.9428278960134406 ] ] ] ] } },
{ "type": "Feature", "properties": { "name": null, "material": "brick", "type": "dwelling", "height": 24.0, "height2": 24, "id": 23 }, "geometry": { "type": "MultiPolygon", "coordinates": [ [ [ [ -75.153449968376691, 39.9428608842597654 ], [ -75.1534006827860566, 39.9428560859703765 ], [ -75.1534077235847064, 39.9428224979352535 ], [ -75.1534570091753409, 39.9428278960134406 ], [ -75.153449968376691, 39.9428608842597654 ] ] ] ] } },
{ "type": "Feature", "properties": { "name": null, "material": "brick", "type": "dwelling", "height": 24.0, "height2": 24, "id": 24 }, "geometry": { "type": "MultiPolygon", "coordinates": [ [ [ [ -75.1534468391328261, 39.9428926729184539 ], [ -75.1533944242983409, 39.9428872748453827 ], [ -75.1534006827860566, 39.9428560859703765 ], [ -75.153449968376691, 39.9428608842597654 ], [ -75.1534468391328261, 39.9428926729184539 ] ] ] ] } },
{ "type": "Feature", "properties": { "name": null, "material": "brick", "type": "dwelling", "height": 36.0, "height2": 36, "id": 25 }, "geometry": { "type": "MultiPolygon", "coordinates": [ [ [ [ -75.1537355118779686, 39.9426281668369114 ], [ -75.1536197298555209, 39.9426155712837101 ], [ -75.1536291175870872, 39.9425735860896296 ], [ -75.1537433349875954, 39.942589180593302 ], [ -75.1537355118779686, 39.9426281668369114 ] ] ] ] } },
{ "type": "Feature", "properties": { "name": null, "material": "brick", "type": "dwelling", "height": 36.0, "height2": 36, "id": 26 }, "geometry": { "type": "MultiPolygon", "coordinates": [ [ [ [ -75.1537284710793045, 39.9426683526339943 ], [ -75.1536760562448336, 39.9426623547553206 ], [ -75.1536744916229082, 39.94265515730023 ], [ -75.153612689056871, 39.9426467602683388 ], [ -75.1536197298555209, 39.9426155712837101 ], [ -75.1537355118779686, 39.9426281668369114 ], [ -75.1537284710793045, 39.9426683526339943 ] ] ] ] } },
{ "type": "Feature", "properties": { "name": null, "material": "brick", "type": "dwelling", "height": 36.0, "height2": 36, "id": 27 }, "geometry": { "type": "MultiPolygon", "coordinates": [ [ [ [ -75.1537190833477666, 39.9427139364946484 ], [ -75.1535993897705197, 39.9426983420194261 ], [ -75.1536072128801322, 39.9426659534825887 ], [ -75.1536729270009829, 39.942674350512128 ], [ -75.1536760562448336, 39.9426623547553206 ], [ -75.1537284710793045, 39.9426683526339943 ], [ -75.1537190833477666, 39.9427139364946484 ] ] ] ] } },
{ "type": "Feature", "properties": { "name": null, "material": "brick", "type": "dwelling", "height": 36.0, "height2": 36, "id": 28 }, "geometry": { "type": "MultiPolygon", "coordinates": [ [ [ [ -75.1537065663723496, 39.9427541222413609 ], [ -75.1535915666608787, 39.9427403271369386 ], [ -75.1535993897705197, 39.9426983420194261 ], [ -75.1537190833477666, 39.9427139364946484 ], [ -75.1537065663723496, 39.9427541222413609 ] ] ] ] } },
{ "type": "Feature", "properties": { "name": null, "material": "brick", "type": "dwelling", "height": 36.0, "height2": 36, "id": 29 }, "geometry": { "type": "MultiPolygon", "coordinates": [ [ [ [ -75.1536995255736997, 39.942796707111377 ], [ -75.1535821789293266, 39.9427811126550125 ], [ -75.1535915666608787, 39.9427403271369386 ], [ -75.1537065663723496, 39.9427541222413609 ], [ -75.1536995255736997, 39.942796707111377 ] ] ] ] } },
{ "type": "Feature", "properties": { "name": null, "material": "brick", "type": "dwelling", "height": 36.0, "height2": 36, "id": 30 }, "geometry": { "type": "MultiPolygon", "coordinates": [ [ [ [ -75.1536877909092595, 39.9428374925958281 ], [ -75.1536306822089983, 39.9428320945184012 ], [ -75.1536369406966998, 39.9428206985757583 ], [ -75.153574355819714, 39.9428117017776003 ], [ -75.1535821789293266, 39.9427811126550125 ], [ -75.1536995255736997, 39.942796707111377 ], [ -75.1536877909092595, 39.9428374925958281 ] ] ] ] } },
{ "type": "Feature", "properties": { "name": null, "material": "brick", "type": "dwelling", "height": 36.0, "height2": 36, "id": 31 }, "geometry": { "type": "MultiPolygon", "coordinates": [ [ [ [ -75.1536784031777216, 39.9428800774139532 ], [ -75.1535587096004605, 39.9428656825488204 ], [ -75.1535665327100872, 39.9428350934503555 ], [ -75.1536298998980499, 39.9428428906728286 ], [ -75.1536376070347671, 39.9428327490727284 ], [ -75.1536877909092595, 39.9428374925958281 ], [ -75.1536784031777216, 39.9428800774139532 ] ] ] ] } },
{ "type": "Feature", "properties": { "name": null, "material": "brick", "type": "dwelling", "height": 36.0, "height2": 36, "id": 32 }, "geometry": { "type": "MultiPolygon", "coordinates": [ [ [ [ -75.1536729270009829, 39.9429250613479709 ], [ -75.1536142536787821, 39.9429154647778617 ], [ -75.1536158183007217, 39.9429076675636523 ], [ -75.1535563626675724, 39.9428956718477579 ], [ -75.1535587096004605, 39.9428656825488204 ], [ -75.1536784031777216, 39.9428800774139532 ], [ -75.1536729270009829, 39.9429250613479709 ] ] ] ] } },
{ "type": "Feature", "properties": { "name": null, "material": "brick", "type": "dwelling", "height": 36.0, "height2": 36, "id": 33 }, "geometry": { "type": "MultiPolygon", "coordinates": [ [ [ [ -75.1536604100255801, 39.9429604486886021 ], [ -75.1535634034662365, 39.9429478531965785 ], [ -75.1535704442648864, 39.9429112662780099 ], [ -75.1536729270009829, 39.9429250613479709 ], [ -75.1536604100255801, 39.9429604486886021 ] ] ] ] } },
{ "type": "Feature", "properties": { "name": null, "material": "brick", "type": "dwelling", "height": 36.0, "height2": 36, "id": 34 }, "geometry": { "type": "MultiPolygon", "coordinates": [ [ [ [ -75.1536541515378929, 39.9429976353658347 ], [ -75.1535516688017964, 39.9429826407403539 ], [ -75.1535634034662365, 39.9429478531965785 ], [ -75.1536604100255801, 39.9429604486886021 ], [ -75.1536541515378929, 39.9429976353658347 ] ] ] ] } },
{ "type": "Feature", "properties": { "name": null, "material": "brick", "type": "dwelling", "height": 36.0, "height2": 36, "id": 35 }, "geometry": { "type": "MultiPolygon", "coordinates": [ [ [ [ -75.1536447638063265, 39.9430360215920928 ], [ -75.1535438456921696, 39.9430234261139674 ], [ -75.1535516688017964, 39.9429826407403539 ], [ -75.1536541515378929, 39.9429976353658347 ], [ -75.1536447638063265, 39.9430360215920928 ] ] ] ] } },
{ "type": "Feature", "properties": { "name": null, "material": "brick", "type": "dwelling", "height": 36.0, "height2": 36, "id": 36 }, "geometry": { "type": "MultiPolygon", "coordinates": [ [ [ [ -75.1536353760747886, 39.9430786062866474 ], [ -75.1535328933387063, 39.9430678101694099 ], [ -75.1535438456921696, 39.9430234261139674 ], [ -75.1536447638063265, 39.9430360215920928 ], [ -75.1536353760747886, 39.9430786062866474 ] ] ] ] } },
{ "type": "Feature", "properties": { "name": null, "material": "brick", "type": "dwelling", "height": 36.0, "height2": 36, "id": 37 }, "geometry": { "type": "MultiPolygon", "coordinates": [ [ [ [ -75.1536197298555209, 39.943135585766079 ], [ -75.1534859546809457, 39.9431163926835637 ], [ -75.1535008185892508, 39.9430738080125352 ], [ -75.153528981783893, 39.9430774067181531 ], [ -75.1535328933387063, 39.9430678101694099 ], [ -75.1536353760747886, 39.9430786062866474 ], [ -75.1536197298555209, 39.943135585766079 ] ] ] ] } },
{ "type": "Feature", "properties": { "name": null, "material": "wood", "type": "dwelling", "height": 24.0, "height2": 24, "id": 38 }, "geometry": { "type": "MultiPolygon", "coordinates": [ [ [ [ -75.1534859546809457, 39.9431163926835637 ], [ -75.1534292103751653, 39.943101928150206 ], [ -75.1534465718871303, 39.9430602596541604 ], [ -75.1534533655222674, 39.9430619958419939 ], [ -75.1534631785507798, 39.9430307444541057 ], [ -75.1535039403615173, 39.943037110478727 ], [ -75.1534859546809457, 39.9431163926835637 ] ] ] ] } },
{ "type": "Feature", "properties": { "name": null, "material": "wood", "type": "dwelling", "height": 24.0, "height2": 24, "id": 39 }, "geometry": { "type": "MultiPolygon", "coordinates": [ [ [ [ -75.1534035455313614, 39.9431042430659105 ], [ -75.1533446673603009, 39.9430984557765001 ], [ -75.1533650482656697, 39.9430174336734396 ], [ -75.1534110940148281, 39.9430237996992972 ], [ -75.153400526137986, 39.9430492637968015 ], [ -75.15341260371153, 39.943054472361041 ], [ -75.1534035455313614, 39.9431042430659105 ] ] ] ] } },
{ "type": "Feature", "properties": { "name": null, "material": "wood", "type": "dwelling", "height": 24.0, "height2": 24, "id": 40 }, "geometry": { "type": "MultiPolygon", "coordinates": [ [ [ [ -75.1533446673603009, 39.9430984557765001 ], [ -75.1532910731276758, 39.9430891961124388 ], [ -75.1533061700946092, 39.9430463701498368 ], [ -75.1533129637297321, 39.9430469488792426 ], [ -75.1533227767582304, 39.9430122251063864 ], [ -75.1533650482656697, 39.9430174336734396 ], [ -75.1533446673603009, 39.9430984557765001 ] ] ] ] } },
{ "type": "Feature", "properties": { "name": null, "material": "brick", "type": "store", "height": 24.0, "height2": 24, "id": 41 }, "geometry": { "type": "MultiPolygon", "coordinates": [ [ [ [ -75.1532910731276758, 39.9430891961124388 ], [ -75.1532269110181801, 39.9430822513635633 ], [ -75.1532450273785031, 39.9429983355923142 ], [ -75.1532888085826301, 39.943005280349702 ], [ -75.1532789955541176, 39.9430440552321713 ], [ -75.1532948473693949, 39.9430469488792426 ], [ -75.1532910731276758, 39.9430891961124388 ] ] ] ] } },
{ "type": "Feature", "properties": { "name": null, "material": "wood", "type": "dwelling/store", "height": 36.0, "height2": 36, "id": 42 }, "geometry": { "type": "MultiPolygon", "coordinates": [ [ [ [ -75.1532269110181801, 39.9430822513635633 ], [ -75.1531672779987758, 39.9430735704264848 ], [ -75.1531778458756321, 39.9430290082654693 ], [ -75.1531982267809866, 39.9430330593722047 ], [ -75.1532148334446219, 39.94297460766591 ], [ -75.153246537075205, 39.9429803949658009 ], [ -75.1532269110181801, 39.9430822513635633 ] ] ] ] } },
{ "type": "Feature", "properties": { "name": null, "material": "wood", "type": "dwelling/store", "height": 36.0, "height2": 36, "id": 43 }, "geometry": { "type": "MultiPolygon", "coordinates": [ [ [ [ -75.1531672779987758, 39.9430735704264848 ], [ -75.1531083998277154, 39.9430672044052599 ], [ -75.1531552004252177, 39.942854810448452 ], [ -75.1531808652690074, 39.942860019027485 ], [ -75.1531506713351263, 39.9429913908342229 ], [ -75.1531574649702634, 39.9429954419431965 ], [ -75.1531536907285158, 39.9430272720767832 ], [ -75.1531778458756321, 39.9430290082654693 ], [ -75.1531672779987758, 39.9430735704264848 ] ] ] ] } },
{ "type": "Feature", "properties": { "name": null, "material": "wood", "type": "dwelling/store", "height": 36.0, "height2": 36, "id": 44 }, "geometry": { "type": "MultiPolygon", "coordinates": [ [ [ [ -75.1531083998277154, 39.9430672044052599 ], [ -75.1530434828698759, 39.9430608383834382 ], [ -75.1530532958983741, 39.9430209060512595 ], [ -75.1530736768037428, 39.9430243784288947 ], [ -75.1531016061925783, 39.9429051600291771 ], [ -75.1531425473419858, 39.9429122336780651 ], [ -75.1531083998277154, 39.9430672044052599 ] ] ] ] } },
{ "type": "Feature", "properties": { "name": null, "material": "brick", "type": "store", "height": 12.0, "height2": 12, "id": 45 }, "geometry": { "type": "MultiPolygon", "coordinates": [ [ [ [ -75.1531425473419858, 39.9429122336780651 ], [ -75.1531016061925783, 39.9429051600291771 ], [ -75.1531144386144803, 39.9428519167932592 ], [ -75.1531552004252177, 39.942854810448452 ], [ -75.1531425473419858, 39.9429122336780651 ] ] ] ] } },
{ "type": "Feature", "properties": { "name": null, "material": "wood", "type": "dwelling/store", "height": 36.0, "height2": 36, "id": 46 }, "geometry": { "type": "MultiPolygon", "coordinates": [ [ [ [ -75.1530451389428293, 39.9430540992977825 ], [ -75.1530012113624224, 39.9430486850674242 ], [ -75.153023856812851, 39.942942777507831 ], [ -75.1530442377182197, 39.9429474073499264 ], [ -75.1530404634764722, 39.9429722927458357 ], [ -75.1530593346851532, 39.942976343855932 ], [ -75.1530451389428293, 39.9430540992977825 ] ] ] ] } },
{ "type": "Feature", "properties": { "name": null, "material": "wood", "type": "dwelling/store", "height": 36.0, "height2": 36, "id": 47 }, "geometry": { "type": "MultiPolygon", "coordinates": [ [ [ [ -75.1530012113624224, 39.9430486850674242 ], [ -75.1529279910727723, 39.9430405828555308 ], [ -75.1529415783430323, 39.9430064378091956 ], [ -75.1529634689450887, 39.9430093314578585 ], [ -75.1530082797931698, 39.9430156276612891 ], [ -75.1530012113624224, 39.9430486850674242 ] ] ] ] } },
{ "type": "Feature", "properties": { "name": null, "material": "wood", "type": "dwelling", "height": 12.0, "height2": 12, "id": 48 }, "geometry": { "type": "MultiPolygon", "coordinates": [ [ [ [ -75.1529634689450887, 39.9430093314578585 ], [ -75.1529717722768993, 39.9429786587758855 ], [ -75.1530145639402321, 39.9429862381540488 ], [ -75.1530105725406798, 39.9430049050111364 ], [ -75.1530082797931698, 39.9430156276612891 ], [ -75.1529634689450887, 39.9430093314578585 ] ] ] ] } },
{ "type": "Feature", "properties": { "name": null, "material": "wood", "type": "dwelling", "height": 12.0, "height2": 12, "id": 49 }, "geometry": { "type": "MultiPolygon", "coordinates": [ [ [ [ -75.1530145639402321, 39.9429862381540488 ], [ -75.1529717722768993, 39.9429786587758855 ], [ -75.1529755465186327, 39.9429503010010762 ], [ -75.153020968594376, 39.9429562850500659 ], [ -75.1530145639402321, 39.9429862381540488 ] ] ] ] } },
{ "type": "Feature", "properties": { "name": null, "material": "wood", "type": "dwelling", "height": 12.0, "height2": 12, "id": 50 }, "geometry": { "type": "MultiPolygon", "coordinates": [ [ [ [ -75.1529755465186327, 39.9429503010010762 ], [ -75.1529853595471593, 39.9429167346401925 ], [ -75.1530268762062263, 39.9429231006754151 ], [ -75.1530209685944044, 39.9429562850498314 ], [ -75.1530209685943618, 39.9429562850500659 ], [ -75.1529755465186327, 39.9429503010010762 ] ] ] ] } },
{ "type": "Feature", "properties": { "name": null, "material": "brick", "type": "dwelling", "height": 24.0, "height2": 24, "id": 51 }, "geometry": { "type": "MultiPolygon", "coordinates": [ [ [ [ -75.1530351795380511, 39.9428982152616214 ], [ -75.1529906434855661, 39.9428918492240825 ], [ -75.1529966822723594, 39.9428629126823296 ], [ -75.1530404634764722, 39.9428704361843714 ], [ -75.1530351795380511, 39.9428982152616214 ] ] ] ] } },
{ "type": "Feature", "properties": { "name": null, "material": "brick", "type": "dwelling", "height": 24.0, "height2": 24, "id": 52 }, "geometry": { "type": "MultiPolygon", "coordinates": [ [ [ [ -75.1530404634764722, 39.9428704361843714 ], [ -75.1529966822723594, 39.9428629126823296 ], [ -75.1530042307558261, 39.9428368697843013 ], [ -75.1530449925665636, 39.9428432358269561 ], [ -75.1530404634764722, 39.9428704361843714 ] ] ] ] } },
{ "type": "Feature", "properties": { "name": null, "material": "wood", "type": "dwelling/store", "height": 36.0, "height2": 36, "id": 53 }, "geometry": { "type": "MultiPolygon", "coordinates": [ [ [ [ -75.1529279910727723, 39.9430405828555308 ], [ -75.1528592998731995, 39.9430290082654693 ], [ -75.1528894938070806, 39.942897636530958 ], [ -75.1529257265277408, 39.9429028451067296 ], [ -75.1529053456223721, 39.9430006505115287 ], [ -75.1529340298595656, 39.943005280349702 ], [ -75.1529279910727723, 39.9430405828555308 ] ] ] ] } },
{ "type": "Feature", "properties": { "name": null, "material": "wood", "type": "dwelling/store", "height": 36.0, "height2": 36, "id": 54 }, "geometry": { "type": "MultiPolygon", "coordinates": [ [ [ [ -75.1528592998731995, 39.9430290082654693 ], [ -75.1527996668538094, 39.9430214847808784 ], [ -75.1528177832141182, 39.9429450924289142 ], [ -75.1528766470778891, 39.942953531799013 ], [ -75.1528592998731995, 39.9430290082654693 ] ] ] ] } },
{ "type": "Feature", "properties": { "name": null, "material": "brick", "type": "dwelling", "height": 24.0, "height2": 24, "id": 55 }, "geometry": { "type": "MultiPolygon", "coordinates": [ [ [ [ -75.1528788248556481, 39.942944056435401 ], [ -75.1528328801810659, 39.942936990204764 ], [ -75.1528419383612345, 39.9429005301842182 ], [ -75.152887073359409, 39.9429081677419973 ], [ -75.1528788248556481, 39.942944056435401 ] ] ] ] } },
{ "type": "Feature", "properties": { "name": null, "material": "brick", "type": "dwelling", "height": 24.0, "height2": 24, "id": 56 }, "geometry": { "type": "MultiPolygon", "coordinates": [ [ [ [ -75.152887073359409, 39.9429081677419973 ], [ -75.1528419383612345, 39.9429005301842182 ], [ -75.1528540159347784, 39.9428605977584681 ], [ -75.1528902486554244, 39.9428663850679939 ], [ -75.152887073359409, 39.9429081677419973 ] ] ] ] } },
{ "type": "Feature", "properties": { "name": null, "material": "brick", "type": "dwelling", "height": 24.0, "height2": 24, "id": 57 }, "geometry": { "type": "MultiPolygon", "coordinates": [ [ [ [ -75.1528902486554244, 39.9428663850679939 ], [ -75.1528540159347784, 39.9428605977584681 ], [ -75.1528608095699155, 39.942816614190086 ], [ -75.1529008165322949, 39.9428252951597713 ], [ -75.1528902486554244, 39.9428663850679939 ] ] ] ] } },
{ "type": "Feature", "properties": { "name": null, "material": "wood", "type": "dwelling/store", "height": 36.0, "height2": 36, "id": 58 }, "geometry": { "type": "MultiPolygon", "coordinates": [ [ [ [ -75.1527679632232264, 39.9430185911327271 ], [ -75.152715123838945, 39.9430110676469923 ], [ -75.1527317305025804, 39.9429335178226879 ], [ -75.1527853247352056, 39.9429398838563614 ], [ -75.1527679632232264, 39.9430185911327271 ] ] ] ] } },
{ "type": "Feature", "properties": { "name": null, "material": "wood", "type": "dwelling", "height": 24.0, "height2": 24, "id": 59 }, "geometry": { "type": "MultiPolygon", "coordinates": [ [ [ [ -75.1527853247352056, 39.9429398838563614 ], [ -75.1527317305025804, 39.9429335178226879 ], [ -75.1527422983794366, 39.9428906917626421 ], [ -75.1527913635219846, 39.942899951453569 ], [ -75.1527853247352056, 39.9429398838563614 ] ] ] ] } },
{ "type": "Feature", "properties": { "name": null, "material": "wood", "type": "dwelling", "height": 12.0, "height2": 12, "id": 60 }, "geometry": { "type": "MultiPolygon", "coordinates": [ [ [ [ -75.1527913635219846, 39.942899951453569 ], [ -75.1527422983794366, 39.9428906917626421 ], [ -75.1527543759529806, 39.9428455507514215 ], [ -75.1528034410955286, 39.942854810448452 ], [ -75.1527913635219846, 39.942899951453569 ] ] ] ] } },
{ "type": "Feature", "properties": { "name": null, "material": "wood", "type": "dwelling/store", "height": 36.0, "height2": 36, "id": 61 }, "geometry": { "type": "MultiPolygon", "coordinates": [ [ [ [ -75.152715123838945, 39.9430110676469923 ], [ -75.1526517165778074, 39.9430070165389424 ], [ -75.1526683232414285, 39.9429346752833965 ], [ -75.1527294808580137, 39.9429440232216066 ], [ -75.152715123838945, 39.9430110676469923 ] ] ] ] } },
{ "type": "Feature", "properties": { "name": null, "material": "brick", "type": "store", "height": 12.0, "height2": 12, "id": 62 }, "geometry": { "type": "MultiPolygon", "coordinates": [ [ [ [ -75.1526811556633305, 39.9428553891794778 ], [ -75.1526939880852183, 39.9427963585898809 ], [ -75.1527596598914158, 39.9428044608306791 ], [ -75.1527491372578424, 39.9428651308466485 ], [ -75.1527491372578282, 39.9428651308466982 ], [ -75.1526811556633305, 39.9428553891794778 ] ] ] ] } },
{ "type": "Feature", "properties": { "name": null, "material": "brick", "type": "store", "height": 36.0, "height2": 36, "id": 63 }, "geometry": { "type": "MultiPolygon", "coordinates": [ [ [ [ -75.1526517165778074, 39.9430070165389424 ], [ -75.1525769865914555, 39.9429965994028535 ], [ -75.1526049159802767, 39.9428634914132843 ], [ -75.1526381293075616, 39.9428692787225614 ], [ -75.1526358647625017, 39.9428930066854946 ], [ -75.152647942336074, 39.942896479069617 ], [ -75.1526419035492808, 39.9429393051260462 ], [ -75.1526665047452695, 39.9429425969442633 ], [ -75.1526517165778074, 39.9430070165389424 ] ] ] ] } },
{ "type": "Feature", "properties": { "name": null, "material": "brick", "type": "dwelling", "height": 24.0, "height2": 24, "id": 64 }, "geometry": { "type": "MultiPolygon", "coordinates": [ [ [ [ -75.1525769865914555, 39.9429965994028535 ], [ -75.1525170023487732, 39.9429901956633202 ], [ -75.1525339773250636, 39.9429088553858236 ], [ -75.1525933330784994, 39.9429186941124073 ], [ -75.1525769865914555, 39.9429965994028535 ] ] ] ] } },
{ "type": "Feature", "properties": { "name": null, "material": "brick", "type": "dwelling", "height": 24.0, "height2": 24, "id": 65 }, "geometry": { "type": "MultiPolygon", "coordinates": [ [ [ [ -75.1525131443996202, 39.9429890125327134 ], [ -75.1524556609571874, 39.9429825053139496 ], [ -75.1524730217283832, 39.942901756593379 ], [ -75.1525339773250636, 39.9429088553858236 ], [ -75.1525131443996202, 39.9429890125327134 ] ] ] ] } },
{ "type": "Feature", "properties": { "name": null, "material": "brick", "type": "dwelling", "height": 36.0, "height2": 36, "id": 66 }, "geometry": { "type": "MultiPolygon", "coordinates": [ [ [ [ -75.1524556609571874, 39.9429825053139496 ], [ -75.1524012638740686, 39.9429739276155544 ], [ -75.1524166956706949, 39.9428952493663232 ], [ -75.1524730217283832, 39.942901756593379 ], [ -75.1524556609571874, 39.9429825053139496 ] ] ] ] } },
{ "type": "Feature", "properties": { "name": null, "material": "brick", "type": "dwelling", "height": 36.0, "height2": 36, "id": 67 }, "geometry": { "type": "MultiPolygon", "coordinates": [ [ [ [ -75.1524012638740686, 39.9429739276155544 ], [ -75.1523310491994039, 39.9429656456988411 ], [ -75.152335678738396, 39.9429295601928942 ], [ -75.1523595980231676, 39.9429307433245597 ], [ -75.1523711718706409, 39.942886375873897 ], [ -75.1524166956706949, 39.9428952493663232 ], [ -75.1524012638740686, 39.9429739276155544 ] ] ] ] } },
{ "type": "Feature", "properties": { "name": null, "material": "wood", "type": "dwelling", "height": 24.0, "height2": 24, "id": 68 }, "geometry": { "type": "MultiPolygon", "coordinates": [ [ [ [ -75.1523310491994039, 39.9429656456988411 ], [ -75.1522739515518907, 39.9429585469122941 ], [ -75.152285525399364, 39.9429177288753436 ], [ -75.1523325923790821, 39.9429236445343747 ], [ -75.1523310491994039, 39.9429656456988411 ] ] ] ] } },
{ "type": "Feature", "properties": { "name": null, "material": "wood", "type": "dwelling", "height": 24.0, "height2": 24, "id": 69 }, "geometry": { "type": "MultiPolygon", "coordinates": [ [ [ [ -75.1522739515518907, 39.9429585469122941 ], [ -75.1522291993416758, 39.9429520396906454 ], [ -75.1522400015993099, 39.9429118132157939 ], [ -75.152285525399364, 39.9429177288753436 ], [ -75.1522739515518907, 39.9429585469122941 ] ] ] ] } },
{ "type": "Feature", "properties": { "name": null, "material": "wood", "type": "dwelling", "height": 24.0, "height2": 24, "id": 70 }, "geometry": { "type": "MultiPolygon", "coordinates": [ [ [ [ -75.1522400015993099, 39.9429118132157939 ], [ -75.152315458076842, 39.9429214909930224 ], [ -75.1523210185316088, 39.9428940662340679 ], [ -75.152245402728127, 39.9428846011752654 ], [ -75.1522400015993099, 39.9429118132157939 ] ] ] ] } },
{ "type": "Feature", "properties": { "name": null, "material": "brick", "type": "dwelling", "height": 36.0, "height2": 36, "id": 71 }, "geometry": { "type": "MultiPolygon", "coordinates": [ [ [ [ -75.152246174317952, 39.9428751361151555 ], [ -75.1522577481654253, 39.9428319517617894 ], [ -75.1523881468469312, 39.942849107193112 ], [ -75.1523827457181142, 39.9428668541864909 ], [ -75.1523094446841213, 39.9428591638232575 ], [ -75.1523009571959903, 39.9428816433441227 ], [ -75.152246174317952, 39.9428751361151555 ] ] ] ] } },
{ "type": "Feature", "properties": { "name": null, "material": "brick", "type": "dwelling", "height": 36.0, "height2": 36, "id": 72 }, "geometry": { "type": "MultiPolygon", "coordinates": [ [ [ [ -75.1522677788332345, 39.9427899505152553 ], [ -75.1522577481654253, 39.9428319517617894 ], [ -75.1524352138266494, 39.9428520650256544 ], [ -75.1524421581351305, 39.942826627661546 ], [ -75.1523379935078992, 39.9428136131925413 ], [ -75.1523333639689071, 39.9428242613946338 ], [ -75.1523187037620914, 39.9428213035608835 ], [ -75.1523187037620914, 39.942795274618355 ], [ -75.1522677788332345, 39.9427899505152553 ] ] ] ] } },
{ "type": "Feature", "properties": { "name": null, "material": "brick", "type": "dwelling", "height": 36.0, "height2": 36, "id": 73 }, "geometry": { "type": "MultiPolygon", "coordinates": [ [ [ [ -75.1522677788332345, 39.9427899505152553 ], [ -75.1522762663213797, 39.9427420335686989 ], [ -75.1524028070537327, 39.94275978058986 ], [ -75.1524012638740686, 39.9427917252163382 ], [ -75.1523457094062053, 39.9427846264117434 ], [ -75.1523426230468772, 39.9427751613377993 ], [ -75.15232796284009, 39.9427722035019315 ], [ -75.1523187037620914, 39.942795274618355 ], [ -75.1522677788332345, 39.9427899505152553 ] ] ] ] } },
{ "type": "Feature", "properties": { "name": null, "material": "brick", "type": "dwelling", "height": 36.0, "height2": 36, "id": 74 }, "geometry": { "type": "MultiPolygon", "coordinates": [ [ [ [ -75.1522762663213797, 39.9427420335686989 ], [ -75.152287840168853, 39.9426882009097071 ], [ -75.1523935479757625, 39.9427023985381737 ], [ -75.1523904616164202, 39.942721920272497 ], [ -75.1524475592639476, 39.9427319769213369 ], [ -75.1524452444944586, 39.9427615552917246 ], [ -75.1522762663213797, 39.9427420335686989 ] ] ] ] } },
{ "type": "Feature", "properties": { "name": null, "material": "brick", "type": "dwelling", "height": 36.0, "height2": 36, "id": 75 }, "geometry": { "type": "MultiPolygon", "coordinates": [ [ [ [ -75.152287840168853, 39.9426882009097071 ], [ -75.1522947844773483, 39.942643241733478 ], [ -75.152420553619848, 39.9426598056439417 ], [ -75.1524066650028857, 39.9427023985381737 ], [ -75.152287840168853, 39.9426882009097071 ] ] ] ] } },
{ "type": "Feature", "properties": { "name": null, "material": "brick", "type": "dwelling", "height": 24.0, "height2": 24, "id": 76 }, "geometry": { "type": "MultiPolygon", "coordinates": [ [ [ [ -75.1524583615215818, 39.9427077226480947 ], [ -75.1524676205995661, 39.9426704538699866 ], [ -75.1525116012199561, 39.9426775526864333 ], [ -75.15250388532165, 39.9427148214606618 ], [ -75.1524583615215818, 39.9427077226480947 ] ] ] ] } },
{ "type": "Feature", "properties": { "name": "", "material": "brick", "type": "dwelling", "height": 24.0, "height2": 24, "id": 77 }, "geometry": { "type": "MultiPolygon", "coordinates": [ [ [ [ -75.1525532670708571, 39.9427207371372432 ], [ -75.15250388532165, 39.9427148214606618 ], [ -75.1525116012199561, 39.9426775526864333 ], [ -75.1525609829691632, 39.9426840599341944 ], [ -75.1525532670708571, 39.9427207371372432 ] ] ] ] } },
{ "type": "Feature", "properties": { "name": null, "material": "brick", "type": "dwelling", "height": 24.0, "height2": 24, "id": 78 }, "geometry": { "type": "MultiPolygon", "coordinates": [ [ [ [ -75.1526026488200642, 39.9427284275160304 ], [ -75.1525532670708571, 39.9427207371372432 ], [ -75.1525609829691632, 39.9426840599341944 ], [ -75.1526095931285454, 39.9426899756134333 ], [ -75.1526026488200642, 39.9427284275160304 ] ] ] ] } },
{ "type": "Feature", "properties": { "name": null, "material": "brick", "type": "dwelling", "height": 24.0, "height2": 24, "id": 79 }, "geometry": { "type": "MultiPolygon", "coordinates": [ [ [ [ -75.1526736350845539, 39.9427905420822853 ], [ -75.1526227101556827, 39.9427864011129543 ], [ -75.1526311976438137, 39.9427443998384604 ], [ -75.152685208932013, 39.9427526817819469 ], [ -75.1526736350845539, 39.9427905420822853 ] ] ] ] } },
{ "type": "Feature", "properties": { "name": null, "material": "brick", "type": "dwelling", "height": 24.0, "height2": 24, "id": 80 }, "geometry": { "type": "MultiPolygon", "coordinates": [ [ [ [ -75.152685208932013, 39.9427526817819469 ], [ -75.1526311976438137, 39.9427443998384604 ], [ -75.1526435430811262, 39.9426970744278478 ], [ -75.1526944680099973, 39.9427065395125851 ], [ -75.152685208932013, 39.9427526817819469 ] ] ] ] } },
{ "type": "Feature", "properties": { "name": null, "material": "brick", "type": "dwelling", "height": 24.0, "height2": 24, "id": 81 }, "geometry": { "type": "MultiPolygon", "coordinates": [ [ [ [ -75.1526944680099973, 39.9427065395125851 ], [ -75.1526435430811262, 39.9426970744278478 ], [ -75.1526504873896073, 39.9426544815302975 ], [ -75.1527052702676315, 39.9426621719165453 ], [ -75.1526944680099973, 39.9427065395125851 ] ] ] ] } },
{ "type": "Feature", "properties": { "name": null, "material": "brick", "type": "dwelling", "height": 24.0, "height2": 24, "id": 82 }, "geometry": { "type": "MultiPolygon", "coordinates": [ [ [ [ -75.1527052702676315, 39.9426621719165453 ], [ -75.1526504873896073, 39.9426544815302975 ], [ -75.1526605180574165, 39.9426059729202549 ], [ -75.1527176157049439, 39.9426154380175973 ], [ -75.1527052702676315, 39.9426621719165453 ] ] ] ] } },
{ "type": "Feature", "properties": { "name": null, "material": "brick", "type": "dwelling", "height": 24.0, "height2": 24, "id": 83 }, "geometry": { "type": "MultiPolygon", "coordinates": [ [ [ [ -75.1527176157049439, 39.9426154380175973 ], [ -75.1526605180574165, 39.9426059729202549 ], [ -75.1526713203150507, 39.9425592389829305 ], [ -75.1527261031930749, 39.9425704787935558 ], [ -75.1527176157049439, 39.9426154380175973 ] ] ] ] } },
{ "type": "Feature", "properties": { "name": null, "material": "brick", "type": "dwelling", "height": 24.0, "height2": 24, "id": 84 }, "geometry": { "type": "MultiPolygon", "coordinates": [ [ [ [ -75.1527261031930749, 39.9425704787935558 ], [ -75.1526713203150507, 39.9425592389829305 ], [ -75.15268135098286, 39.9425125050136813 ], [ -75.1527384486303873, 39.9425207869852485 ], [ -75.1527261031930749, 39.9425704787935558 ] ] ] ] } },
{ "type": "Feature", "properties": { "name": null, "material": "brick", "type": "dwelling", "height": 24.0, "height2": 24, "id": 85 }, "geometry": { "type": "MultiPolygon", "coordinates": [ [ [ [ -75.152590303382766, 39.9426580309394481 ], [ -75.1525347489149027, 39.9426509321209764 ], [ -75.1525432364030479, 39.9426130717433878 ], [ -75.1525895317929127, 39.9426201705657817 ], [ -75.152590303382766, 39.9426580309394481 ] ] ] ] } },
{ "type": "Feature", "properties": { "name": null, "material": "brick", "type": "dwelling", "height": 24.0, "height2": 24, "id": 86 }, "geometry": { "type": "MultiPolygon", "coordinates": [ [ [ [ -75.1525347489149027, 39.9426509321209764 ], [ -75.1524807376267034, 39.9426438333017799 ], [ -75.1524892251148344, 39.9426065644888766 ], [ -75.1525432364030479, 39.9426130717433878 ], [ -75.1525347489149027, 39.9426509321209764 ] ] ] ] } },
{ "type": "Feature", "properties": { "name": null, "material": "brick", "type": "dwelling", "height": 24.0, "height2": 24, "id": 87 }, "geometry": { "type": "MultiPolygon", "coordinates": [ [ [ [ -75.1524807376267034, 39.9426438333017799 ], [ -75.1524359854164743, 39.9426385091868923 ], [ -75.1524437013147804, 39.9425994656650758 ], [ -75.1524892251148344, 39.9426065644888766 ], [ -75.1524807376267034, 39.9426438333017799 ] ] ] ] } },
{ "type": "Feature", "properties": { "name": null, "material": "wood", "type": "dwelling", "height": 24.0, "height2": 24, "id": 88 }, "geometry": { "type": "MultiPolygon", "coordinates": [ [ [ [ -75.1523974059249156, 39.9426385091868923 ], [ -75.1522986424265014, 39.9426278609558736 ], [ -75.1523094446841355, 39.9425817186023338 ], [ -75.1524082081825497, 39.9425959162528983 ], [ -75.1523974059249156, 39.9426385091868923 ] ] ] ] } },
{ "type": "Feature", "properties": { "name": null, "material": "wood", "type": "dwelling", "height": 24.0, "height2": 24, "id": 89 }, "geometry": { "type": "MultiPolygon", "coordinates": [ [ [ [ -75.1524068105858589, 39.9425957153427689 ], [ -75.1523094446841355, 39.9425817186023338 ], [ -75.1523217901214338, 39.942530843663647 ], [ -75.1524166956706949, 39.9425420834789406 ], [ -75.1524068105858589, 39.9425957153427689 ] ] ] ] } },
{ "type": "Feature", "properties": { "name": null, "material": "brick", "type": "dwelling", "height": 24.0, "height2": 24, "id": 90 }, "geometry": { "type": "MultiPolygon", "coordinates": [ [ [ [ -75.1523873752571063, 39.9425243364013198 ], [ -75.1523210185316088, 39.9425172375689783 ], [ -75.1523325923790821, 39.9424758276990062 ], [ -75.1523974059249156, 39.9424847012446875 ], [ -75.1523873752571063, 39.9425243364013198 ] ] ] ] } },
{ "type": "Feature", "properties": { "name": null, "material": "brick", "type": "dwelling", "height": 36.0, "height2": 36, "id": 91 }, "geometry": { "type": "MultiPolygon", "coordinates": [ [ [ [ -75.1523325923790821, 39.9424758276990062 ], [ -75.1523495673553583, 39.9424089802845899 ], [ -75.1525247182470935, 39.942429685242935 ], [ -75.1525108296301312, 39.9424947579283867 ], [ -75.1523325923790821, 39.9424758276990062 ] ] ] ] } },
{ "type": "Feature", "properties": { "name": null, "material": "brick", "type": "dwelling", "height": 24.0, "height2": 24, "id": 92 }, "geometry": { "type": "MultiPolygon", "coordinates": [ [ [ [ -75.1524892251148344, 39.9426065644888766 ], [ -75.1524437013147804, 39.9425994656650758 ], [ -75.1524514172131006, 39.942566929379872 ], [ -75.1524923114741767, 39.9425716619314102 ], [ -75.1524892251148344, 39.9426065644888766 ] ] ] ] } },
{ "type": "Feature", "properties": { "name": "stable", "material": "brick", "type": "store", "height": 36.0, "height2": 36, "id": 93 }, "geometry": { "type": "MultiPolygon", "coordinates": [ [ [ [ -75.1526273396946607, 39.9426207621342826 ], [ -75.1524892251148344, 39.9426065644888766 ], [ -75.1525247182470935, 39.942429685242935 ], [ -75.1526643760065696, 39.9424474323451051 ], [ -75.1526273396946607, 39.9426207621342826 ] ] ] ] } },
{ "type": "Feature", "properties": { "name": null, "material": "brick", "type": "dwelling", "height": 24.0, "height2": 24, "id": 94 }, "geometry": { "type": "MultiPolygon", "coordinates": [ [ [ [ -75.1527392202202122, 39.9425012651935205 ], [ -75.152687523701502, 39.9424953494979675 ], [ -75.1526975543693112, 39.9424527564748502 ], [ -75.1527484792981824, 39.942459855313885 ], [ -75.1527392202202122, 39.9425012651935205 ] ] ] ] } },
{ "type": "Feature", "properties": { "name": null, "material": "brick", "type": "dwelling", "height": 24.0, "height2": 24, "id": 95 }, "geometry": { "type": "MultiPolygon", "coordinates": [ [ [ [ -75.1527924599185866, 39.9425107303053579 ], [ -75.1527392202202122, 39.9425012651935205 ], [ -75.1527484792981824, 39.942459855313885 ], [ -75.1528024905863816, 39.9424681372918187 ], [ -75.1527924599185866, 39.9425107303053579 ] ] ] ] } },
{ "type": "Feature", "properties": { "name": null, "material": "brick", "type": "dwelling", "height": 24.0, "height2": 24, "id": 96 }, "geometry": { "type": "MultiPolygon", "coordinates": [ [ [ [ -75.1528395268982905, 39.9425166459995893 ], [ -75.1527924599185866, 39.9425107303053579 ], [ -75.1528024905863816, 39.9424681372918187 ], [ -75.1528511007457638, 39.9424710951408315 ], [ -75.1528395268982905, 39.9425166459995893 ] ] ] ] } },
{ "type": "Feature", "properties": { "name": null, "material": "brick", "type": "dwelling", "height": 24.0, "height2": 24, "id": 97 }, "geometry": { "type": "MultiPolygon", "coordinates": [ [ [ [ -75.1528873654678478, 39.9425213785545949 ], [ -75.1528395268982905, 39.9425166459995893 ], [ -75.1528511007457638, 39.9424710951408315 ], [ -75.152895852955993, 39.942479968687131 ], [ -75.1528873654678478, 39.9425213785545949 ] ] ] ] } },
{ "type": "Feature", "properties": { "name": null, "material": "wood", "type": "dwelling", "height": 12.0, "height2": 12, "id": 98 }, "geometry": { "type": "MultiPolygon", "coordinates": [ [ [ [ -75.1528271814609923, 39.9427201455696093 ], [ -75.1527847440202663, 39.9427148214606618 ], [ -75.1527901451490834, 39.9426858346380129 ], [ -75.1528318109999844, 39.9426911587492128 ], [ -75.1528271814609923, 39.9427201455696093 ] ] ] ] } },
{ "type": "Feature", "properties": { "name": null, "material": "wood", "type": "dwelling", "height": 12.0, "height2": 12, "id": 99 }, "geometry": { "type": "MultiPolygon", "coordinates": [ [ [ [ -75.1528179223830222, 39.942755048051346 ], [ -75.1527747133524571, 39.9427491323777204 ], [ -75.1527847440202663, 39.9427148214606618 ], [ -75.1528271814609923, 39.9427201455696093 ], [ -75.1528179223830222, 39.942755048051346 ] ] ] ] } },
{ "type": "Feature", "properties": { "name": null, "material": "wood", "type": "dwelling", "height": 24.0, "height2": 24, "id": 100 }, "geometry": { "type": "MultiPolygon", "coordinates": [ [ [ [ -75.1529290313187346, 39.9425663378109093 ], [ -75.152895852955993, 39.9425604221209767 ], [ -75.1529151427017581, 39.942479968687131 ], [ -75.1529475494746748, 39.9424858843840198 ], [ -75.1529290313187346, 39.9425663378109093 ] ] ] ] } },
{ "type": "Feature", "properties": { "name": null, "material": "wood", "type": "dwelling", "height": 12.0, "height2": 12, "id": 101 }, "geometry": { "type": "MultiPolygon", "coordinates": [ [ [ [ -75.1528348973592983, 39.9425426750481165 ], [ -75.1527886019694193, 39.9425367593561376 ], [ -75.1527924599185866, 39.9425107303053579 ], [ -75.1528395268982905, 39.9425166459995893 ], [ -75.1528348973592983, 39.9425426750481165 ] ] ] ] } },
{ "type": "Feature", "properties": { "name": null, "material": "wood", "type": "dwelling", "height": 12.0, "height2": 12, "id": 102 }, "geometry": { "type": "MultiPolygon", "coordinates": [ [ [ [ -75.1529552653729951, 39.9425675209488347 ], [ -75.1529290313187346, 39.9425663378109093 ], [ -75.1529392225186541, 39.9425220614400374 ], [ -75.1529606665018122, 39.9425272942479026 ], [ -75.1529552653729951, 39.9425675209488347 ] ] ] ] } },
{ "type": "Feature", "properties": { "name": null, "material": "wood", "type": "dwelling", "height": 24.0, "height2": 24, "id": 103 }, "geometry": { "type": "MultiPolygon", "coordinates": [ [ [ [ -75.1529946164543929, 39.9425290689557997 ], [ -75.1529392225186541, 39.9425220614400374 ], [ -75.1529475494746748, 39.9424858843840198 ], [ -75.1529992459933851, 39.9424929832196085 ], [ -75.1529946164543929, 39.9425290689557997 ] ] ] ] } },
{ "type": "Feature", "properties": { "name": null, "material": "brick", "type": "dwelling", "height": 36.0, "height2": 36, "id": 104 }, "geometry": { "type": "MultiPolygon", "coordinates": [ [ [ [ -75.1524622194707348, 39.9423391749502699 ], [ -75.1523626843824957, 39.942329118243677 ], [ -75.1523688571011519, 39.9422930324020342 ], [ -75.1524707069588942, 39.9423066385412895 ], [ -75.1524622194707348, 39.9423391749502699 ] ] ] ] } },
{ "type": "Feature", "properties": { "name": null, "material": "brick", "type": "dwelling", "height": 36.0, "height2": 36, "id": 105 }, "geometry": { "type": "MultiPolygon", "coordinates": [ [ [ [ -75.1524707069588942, 39.9423066385412895 ], [ -75.1523688571011519, 39.9422930324020342 ], [ -75.152378116179122, 39.942256946541363 ], [ -75.1524791944470394, 39.9422687779731831 ], [ -75.1524707069588942, 39.9423066385412895 ] ] ] ] } },
{ "type": "Feature", "properties": { "name": null, "material": "brick", "type": "dwelling", "height": 36.0, "height2": 36, "id": 106 }, "geometry": { "type": "MultiPolygon", "coordinates": [ [ [ [ -75.1524984841928188, 39.9422681864016411 ], [ -75.1524031137827535, 39.9422598725655931 ], [ -75.1524166956706807, 39.9421960146350372 ], [ -75.1525139159894451, 39.9422096207935837 ], [ -75.1524984841928188, 39.9422681864016411 ] ] ] ] } },
{ "type": "Feature", "properties": { "name": null, "material": "wood", "type": "dwelling", "height": 12.0, "height2": 12, "id": 107 }, "geometry": { "type": "MultiPolygon", "coordinates": [ [ [ [ -75.1523960974164567, 39.9422590512845801 ], [ -75.152378116179122, 39.942256946541363 ], [ -75.1523950911554266, 39.9421918736297314 ], [ -75.1524166956706807, 39.9421960146350372 ], [ -75.1523960974164567, 39.9422590512845801 ] ] ] ] } },
{ "type": "Feature", "properties": { "name": null, "material": "brick", "type": "dwelling", "height": 36.0, "height2": 36, "id": 108 }, "geometry": { "type": "MultiPolygon", "coordinates": [ [ [ [ -75.1524599047012458, 39.9421918736297314 ], [ -75.1523950911554266, 39.9421918736297314 ], [ -75.1524190104401839, 39.9420812495379352 ], [ -75.1524830523961924, 39.9420913062809504 ], [ -75.1524599047012458, 39.9421918736297314 ] ] ] ] } },
{ "type": "Feature", "properties": { "name": null, "material": "brick", "type": "dwelling", "height": 24.0, "height2": 24, "id": 109 }, "geometry": { "type": "MultiPolygon", "coordinates": [ [ [ [ -75.1525347489148885, 39.9421782674676535 ], [ -75.1524649847658566, 39.9421698028215459 ], [ -75.1524830523961924, 39.9420913062809504 ], [ -75.152556353430171, 39.9420989967304791 ], [ -75.1525347489148885, 39.9421782674676535 ] ] ] ] } },
{ "type": "Feature", "properties": { "name": null, "material": "brick", "type": "dwelling", "height": 36.0, "height2": 36, "id": 110 }, "geometry": { "type": "MultiPolygon", "coordinates": [ [ [ [ -75.1525941613319191, 39.9422462982509572 ], [ -75.152552495481018, 39.9422409741051325 ], [ -75.152562526148813, 39.9421930567741299 ], [ -75.1525378352742166, 39.9421889157686394 ], [ -75.152556353430171, 39.9420989967304791 ], [ -75.1526257965149966, 39.9421102366167133 ], [ -75.1525941613319191, 39.9422462982509572 ] ] ] ] } },
{ "type": "Feature", "properties": { "name": null, "material": "brick", "type": "dwelling", "height": 36.0, "height2": 36, "id": 111 }, "geometry": { "type": "MultiPolygon", "coordinates": [ [ [ [ -75.1526643760065696, 39.9422492561095694 ], [ -75.1525953941424945, 39.942240995987909 ], [ -75.1526257965149966, 39.9421102366167133 ], [ -75.1526952395998222, 39.9421173354912824 ], [ -75.1526643760065696, 39.9422492561095694 ] ] ] ] } },
{ "type": "Feature", "properties": { "name": null, "material": "brick", "type": "dwelling", "height": 36.0, "height2": 36, "id": 112 }, "geometry": { "type": "MultiPolygon", "coordinates": [ [ [ [ -75.1526589748777383, 39.9422912576880123 ], [ -75.1526952395998222, 39.9422971734012222 ], [ -75.1527114429862877, 39.9422439319639793 ], [ -75.1527399918100514, 39.9422445235357344 ], [ -75.1527662258643119, 39.9421268006562116 ], [ -75.1526952395998222, 39.9421173354912824 ], [ -75.1526589748777383, 39.9422912576880123 ] ] ] ] } },
{ "type": "Feature", "properties": { "name": null, "material": "brick", "type": "dwelling", "height": 36.0, "height2": 36, "id": 113 }, "geometry": { "type": "MultiPolygon", "coordinates": [ [ [ [ -75.1528055769457097, 39.9422812009743993 ], [ -75.1527600531456557, 39.942275285259818 ], [ -75.1527793428914492, 39.942200747212226 ], [ -75.1527506986152218, 39.9421964777673821 ], [ -75.1527662258643119, 39.9421268006562116 ], [ -75.1528410700779546, 39.9421344911017684 ], [ -75.1528055769457097, 39.9422812009743993 ] ] ] ] } },
{ "type": "Feature", "properties": { "name": null, "material": "brick", "type": "dwelling", "height": 36.0, "height2": 36, "id": 114 }, "geometry": { "type": "MultiPolygon", "coordinates": [ [ [ [ -75.1528433848474435, 39.942233875243403 ], [ -75.1528395268982905, 39.9422480729661373 ], [ -75.1528137612313287, 39.9422473714859336 ], [ -75.1528410700779546, 39.9421344911017684 ], [ -75.1528896802373367, 39.9421421815464512 ], [ -75.1528673041322151, 39.9422344668152434 ], [ -75.1528441564372827, 39.9422332836715626 ], [ -75.1528433848474435, 39.942233875243403 ] ] ] ] } },
{ "type": "Feature", "properties": { "name": null, "material": "brick", "type": "dwelling", "height": 36.0, "height2": 36, "id": 115 }, "geometry": { "type": "MultiPolygon", "coordinates": [ [ [ [ -75.1529205438305894, 39.9422604959711194 ], [ -75.1528989393153068, 39.9422575381129903 ], [ -75.152899710905146, 39.9422427488204548 ], [ -75.1528673041322151, 39.9422344668152434 ], [ -75.1528896802373367, 39.9421421815464512 ], [ -75.1529467778848641, 39.942149280417695 ], [ -75.1529205438305894, 39.9422604959711194 ] ] ] ] } },
{ "type": "Feature", "properties": { "name": null, "material": "brick", "type": "dwelling", "height": 36.0, "height2": 36, "id": 116 }, "geometry": { "type": "MultiPolygon", "coordinates": [ [ [ [ -75.1529822710170947, 39.9422634538291135 ], [ -75.1529205438305894, 39.9422604959711194 ], [ -75.1529467778848641, 39.942149280417695 ], [ -75.1530077334815303, 39.9421587455782188 ], [ -75.1529822710170947, 39.9422634538291135 ] ] ] ] } },
{ "type": "Feature", "properties": { "name": null, "material": "brick", "type": "dwelling", "height": 36.0, "height2": 36, "id": 117 }, "geometry": { "type": "MultiPolygon", "coordinates": [ [ [ [ -75.1530378254849438, 39.9422421572486925 ], [ -75.1529890124672875, 39.9422357312548684 ], [ -75.1530077334815303, 39.9421587455782188 ], [ -75.1530602015900655, 39.9421646613028827 ], [ -75.1530378254849438, 39.9422421572486925 ] ] ] ] } },
{ "type": "Feature", "properties": { "name": null, "material": "brick", "type": "dwelling", "height": 36.0, "height2": 36, "id": 118 }, "geometry": { "type": "MultiPolygon", "coordinates": [ [ [ [ -75.1531165276477537, 39.9422516223963697 ], [ -75.1530381859488017, 39.942240908842308 ], [ -75.1530602015900655, 39.9421646613028827 ], [ -75.153130416264716, 39.9421717601717958 ], [ -75.1531165276477537, 39.9422516223963697 ] ] ] ] } },
{ "type": "Feature", "properties": { "name": null, "material": "brick", "type": "dwelling", "height": 36.0, "height2": 36, "id": 119 }, "geometry": { "type": "MultiPolygon", "coordinates": [ [ [ [ -75.1531805696037623, 39.9422622706859372 ], [ -75.1531165276477537, 39.9422516223963697 ], [ -75.153130416264716, 39.9421717601717958 ], [ -75.1531983161698776, 39.9421818169015026 ], [ -75.1531805696037623, 39.9422622706859372 ] ] ] ] } },
{ "type": "Feature", "properties": { "name": "", "material": "wood", "type": "dwelling/store", "height": 24.0, "height2": 24, "id": 120 }, "geometry": { "type": "MultiPolygon", "coordinates": [ [ [ [ -75.1532407536106035, 39.942258721256259 ], [ -75.1531829193330623, 39.9422516182297187 ], [ -75.1531983161698776, 39.9421818169015026 ], [ -75.1532561854072299, 39.9421895073408777 ], [ -75.1532407536106035, 39.942258721256259 ] ] ] ] } },
{ "type": "Feature", "properties": { "name": null, "material": "brick", "type": "store", "height": 24.0, "height2": 24, "id": 121 }, "geometry": { "type": "MultiPolygon", "coordinates": [ [ [ [ -75.1532754751530234, 39.9422616791143312 ], [ -75.1532407536106035, 39.942258721256259 ], [ -75.1532561854072299, 39.9421895073408777 ], [ -75.1532885921801608, 39.9421930567741299 ], [ -75.1532754751530234, 39.9422616791143312 ] ] ] ] } },
{ "type": "Feature", "properties": { "name": null, "material": "wood", "type": "dwelling", "height": 24.0, "height2": 24, "id": 122 }, "geometry": { "type": "MultiPolygon", "coordinates": [ [ [ [ -75.1533125114649181, 39.942267594830092 ], [ -75.1532754751530234, 39.9422616791143312 ], [ -75.1532885921801608, 39.9421930567741299 ], [ -75.1533240853123772, 39.9421971977793717 ], [ -75.1533125114649181, 39.942267594830092 ] ] ] ] } },
{ "type": "Feature", "properties": { "name": null, "material": "wood", "type": "dwelling/store", "height": 24.0, "height2": 24, "id": 123 }, "geometry": { "type": "MultiPolygon", "coordinates": [ [ [ [ -75.1533642079836284, 39.942279426260086 ], [ -75.1533132830547572, 39.9422735105453484 ], [ -75.1533240853123772, 39.9421971977793717 ], [ -75.1533804113700796, 39.9422031135007103 ], [ -75.1533688375226063, 39.9422557633980659 ], [ -75.1533642079836284, 39.942279426260086 ] ] ] ] } },
{ "type": "Feature", "properties": { "name": null, "material": "wood", "type": "dwelling/store", "height": 24.0, "height2": 24, "id": 124 }, "geometry": { "type": "MultiPolygon", "coordinates": [ [ [ [ -75.1534081886040184, 39.9422841588315052 ], [ -75.1533642079836284, 39.942279426260086 ], [ -75.1533804113700796, 39.9422031135007103 ], [ -75.1534228488108056, 39.9422078460774088 ], [ -75.1534081886040184, 39.9422841588315052 ] ] ] ] } },
{ "type": "Feature", "properties": { "name": null, "material": "brick", "type": "dwelling", "height": 24.0, "height2": 24, "id": 125 }, "geometry": { "type": "MultiPolygon", "coordinates": [ [ [ [ -75.1534529408142333, 39.9422900745453262 ], [ -75.1534081886040184, 39.9422841588315052 ], [ -75.1534228488108056, 39.9422078460774088 ], [ -75.1534676010210205, 39.9422149449418455 ], [ -75.1534529408142333, 39.9422900745453262 ] ] ] ] } },
{ "type": "Feature", "properties": { "name": null, "material": "brick", "type": "dwelling", "height": 36.0, "height2": 36, "id": 126 }, "geometry": { "type": "MultiPolygon", "coordinates": [ [ [ [ -75.1534953782549735, 39.9423232025332382 ], [ -75.1534521692244084, 39.9423184699645262 ], [ -75.1534676010210205, 39.9422149449418455 ], [ -75.1535146680007387, 39.9422220438055433 ], [ -75.1534953782549735, 39.9423232025332382 ] ] ] ] } },
{ "type": "Feature", "properties": { "name": null, "material": "brick", "type": "dwelling", "height": 36.0, "height2": 36, "id": 127 }, "geometry": { "type": "MultiPolygon", "coordinates": [ [ [ [ -75.1535432168245023, 39.9423291182436913 ], [ -75.1534953782549735, 39.9423232025332382 ], [ -75.1535146680007387, 39.9422220438055433 ], [ -75.1535617349804568, 39.9422273679528388 ], [ -75.1535432168245023, 39.9423291182436913 ] ] ] ] } },
{ "type": "Feature", "properties": { "name": null, "material": "brick", "type": "dwelling", "height": 36.0, "height2": 36, "id": 128 }, "geometry": { "type": "MultiPolygon", "coordinates": [ [ [ [ -75.1535864258550674, 39.9423332592406979 ], [ -75.1535432168245023, 39.9423291182436913 ], [ -75.1535617349804568, 39.9422273679528388 ], [ -75.153611888319503, 39.9422326920997222 ], [ -75.1535864258550674, 39.9423332592406979 ] ] ] ] } },
{ "type": "Feature", "properties": { "name": null, "material": "brick", "type": "dwelling", "height": 24.0, "height2": 24, "id": 129 }, "geometry": { "type": "MultiPolygon", "coordinates": [ [ [ [ -75.1536365791940995, 39.9422965818299289 ], [ -75.1535969779744448, 39.9422915823628344 ], [ -75.153611888319503, 39.9422326920997222 ], [ -75.1536489246314119, 39.9422391993897818 ], [ -75.1536365791940995, 39.9422965818299289 ] ] ] ] } },
{ "type": "Feature", "properties": { "name": null, "material": "brick", "type": "dwelling", "height": 24.0, "height2": 24, "id": 130 }, "geometry": { "type": "MultiPolygon", "coordinates": [ [ [ [ -75.1536319496551215, 39.9423320760987153 ], [ -75.1535879210499616, 39.942327353788265 ], [ -75.1535969779744448, 39.9422915823628344 ], [ -75.1536365791940995, 39.9422965818299289 ], [ -75.1536319496551215, 39.9423320760987153 ] ] ] ] } },
{ "type": "Feature", "properties": { "name": null, "material": "brick", "type": "dwelling", "height": 24.0, "height2": 24, "id": 131 }, "geometry": { "type": "MultiPolygon", "coordinates": [ [ [ [ -75.1536172894483201, 39.942369936631799 ], [ -75.1535864258550674, 39.9423669787784021 ], [ -75.1535879210499616, 39.942327353788265 ], [ -75.1536319496551215, 39.9423320760987153 ], [ -75.1536172894483201, 39.942369936631799 ] ] ] ] } },
{ "type": "Feature", "properties": { "name": null, "material": "brick", "type": "dwelling", "height": 24.0, "height2": 24, "id": 132 }, "geometry": { "type": "MultiPolygon", "coordinates": [ [ [ [ -75.1536867325331457, 39.9423776270500142 ], [ -75.1536512394009009, 39.9423728944850538 ], [ -75.1536597268890461, 39.9423397665211937 ], [ -75.153692133661977, 39.9423439075175608 ], [ -75.1536867325331457, 39.9423776270500142 ] ] ] ] } },
{ "type": "Feature", "properties": { "name": null, "material": "brick", "type": "dwelling", "height": 24.0, "height2": 24, "id": 133 }, "geometry": { "type": "MultiPolygon", "coordinates": [ [ [ [ -75.153692133661977, 39.9423439075175608 ], [ -75.1536597268890461, 39.9423397665211937 ], [ -75.1536674427873663, 39.9423013144001544 ], [ -75.153699849560283, 39.9423090048261002 ], [ -75.153692133661977, 39.9423439075175608 ] ] ] ] } },
{ "type": "Feature", "properties": { "name": null, "material": "brick", "type": "dwelling", "height": 24.0, "height2": 24, "id": 134 }, "geometry": { "type": "MultiPolygon", "coordinates": [ [ [ [ -75.153699849560283, 39.9423090048261002 ], [ -75.1536674427873663, 39.9423013144001544 ], [ -75.1536805598145037, 39.9422397909615796 ], [ -75.1537152813569094, 39.9422468898226981 ], [ -75.153699849560283, 39.9423090048261002 ] ] ] ] } },
{ "type": "Feature", "properties": { "name": null, "material": "brick", "type": "dwelling", "height": 36.0, "height2": 36, "id": 135 }, "geometry": { "type": "MultiPolygon", "coordinates": [ [ [ [ -75.1537337995128638, 39.9423841343262964 ], [ -75.1536867325331457, 39.9423776270500142 ], [ -75.1537237688450404, 39.9422468898226981 ], [ -75.1537638915162916, 39.9422522139680609 ], [ -75.1537337995128638, 39.9423841343262964 ] ] ] ] } },
{ "type": "Feature", "properties": { "name": null, "material": "brick", "type": "store", "height": 36.0, "height2": 36, "id": 136 }, "geometry": { "type": "MultiPolygon", "coordinates": [ [ [ [ -75.1537947551095442, 39.9423924163133961 ], [ -75.1537337995128638, 39.9423841343262964 ], [ -75.1537638915162916, 39.9422522139680609 ], [ -75.1538194459841407, 39.9422610875427324 ], [ -75.1537947551095442, 39.9423924163133961 ] ] ] ] } },
{ "type": "Feature", "properties": { "name": null, "material": "brick", "type": "dwelling", "height": 24.0, "height2": 24, "id": 137 }, "geometry": { "type": "MultiPolygon", "coordinates": [ [ [ [ -75.1537770085434147, 39.9424610384536578 ], [ -75.1537168245365734, 39.9424527564748573 ], [ -75.1537245404348937, 39.9424172622686839 ], [ -75.1537816380824069, 39.9424261358219539 ], [ -75.1537770085434147, 39.9424610384536578 ] ] ] ] } },
{ "type": "Feature", "properties": { "name": null, "material": "brick", "type": "dwelling", "height": 24.0, "height2": 24, "id": 138 }, "geometry": { "type": "MultiPolygon", "coordinates": [ [ [ [ -75.1537638915162916, 39.9425048146106221 ], [ -75.1536574121195429, 39.9424906169411642 ], [ -75.1536682143771912, 39.942449207055077 ], [ -75.1537770085434147, 39.9424610384536578 ], [ -75.1537638915162916, 39.9425048146106221 ] ] ] ] } },
{ "type": "Feature", "properties": { "name": null, "material": "brick", "type": "dwelling", "height": 24.0, "height2": 24, "id": 139 }, "geometry": { "type": "MultiPolygon", "coordinates": [ [ [ [ -75.1536574121195429, 39.9424906169411642 ], [ -75.1536172894483201, 39.9424870675233379 ], [ -75.1536342644246105, 39.9424184454091815 ], [ -75.1536689859670162, 39.9424249526815842 ], [ -75.1536574121195429, 39.9424906169411642 ] ] ] ] } },
{ "type": "Feature", "properties": { "name": null, "material": "wood", "type": "dwelling/store", "height": 24.0, "height2": 24, "id": 140 }, "geometry": { "type": "MultiPolygon", "coordinates": [ [ [ [ -75.1536172894483201, 39.9424870675233379 ], [ -75.1535571054414646, 39.9424764192687576 ], [ -75.153569450878777, 39.9424367840843573 ], [ -75.1536275937703664, 39.9424454118407297 ], [ -75.1536172894483201, 39.9424870675233379 ] ] ] ] } },
{ "type": "Feature", "properties": { "name": null, "material": "wood", "type": "dwelling/store", "height": 24.0, "height2": 24, "id": 141 }, "geometry": { "type": "MultiPolygon", "coordinates": [ [ [ [ -75.1535571054414646, 39.9424764192687576 ], [ -75.1535092668719216, 39.9424716867106326 ], [ -75.1535223838990589, 39.9424326430936176 ], [ -75.153569450878777, 39.9424367840843573 ], [ -75.1535571054414646, 39.9424764192687576 ] ] ] ] } },
{ "type": "Feature", "properties": { "name": null, "material": "wood", "type": "dwelling/store", "height": 24.0, "height2": 24, "id": 142 }, "geometry": { "type": "MultiPolygon", "coordinates": [ [ [ [ -75.1535092668719216, 39.9424716867106326 ], [ -75.1534637430718675, 39.9424645878728342 ], [ -75.1534737737396767, 39.9424255442517691 ], [ -75.1535223838990589, 39.9424326430936176 ], [ -75.1535092668719216, 39.9424716867106326 ] ] ] ] } },
{ "type": "Feature", "properties": { "name": null, "material": "wood", "type": "dwelling/store", "height": 24.0, "height2": 24, "id": 143 }, "geometry": { "type": "MultiPolygon", "coordinates": [ [ [ [ -75.1534529408142333, 39.94246163002353 ], [ -75.1534205340413024, 39.942459855313885 ], [ -75.1534305647091259, 39.9424036561514271 ], [ -75.1534629714820426, 39.9424089802845899 ], [ -75.1534529408142333, 39.94246163002353 ] ] ] ] } },
{ "type": "Feature", "properties": { "name": null, "material": "wood", "type": "dwelling/store", "height": 24.0, "height2": 24, "id": 144 }, "geometry": { "type": "MultiPolygon", "coordinates": [ [ [ [ -75.1534205340413024, 39.942459855313885 ], [ -75.1533757818311017, 39.9424533480448147 ], [ -75.153391213627728, 39.9423764439088131 ], [ -75.153433651068454, 39.942382951185202 ], [ -75.1534205340413024, 39.942459855313885 ] ] ] ] } },
{ "type": "Feature", "properties": { "name": null, "material": "wood", "type": "dwelling/store", "height": 24.0, "height2": 24, "id": 145 }, "geometry": { "type": "MultiPolygon", "coordinates": [ [ [ [ -75.1533757818311017, 39.9424533480448147 ], [ -75.1533248569022305, 39.9424474323451122 ], [ -75.1533418318785209, 39.942382951185202 ], [ -75.1533886981556805, 39.9423889797334084 ], [ -75.1533757818311017, 39.9424533480448147 ] ] ] ] } },
{ "type": "Feature", "properties": { "name": null, "material": "brick", "type": "dwelling", "height": 24.0, "height2": 24, "id": 146 }, "geometry": { "type": "MultiPolygon", "coordinates": [ [ [ [ -75.1533886981556805, 39.9423889797334084 ], [ -75.1533523333880993, 39.9423843020255731 ], [ -75.1533557204954832, 39.942349823226202 ], [ -75.153391213627728, 39.9423557389343458 ], [ -75.1533886981556805, 39.9423889797334084 ] ] ] ] } },
{ "type": "Feature", "properties": { "name": null, "material": "wood", "type": "dwelling/store", "height": 24.0, "height2": 24, "id": 147 }, "geometry": { "type": "MultiPolygon", "coordinates": [ [ [ [ -75.1533248569022305, 39.9424474323451122 ], [ -75.1532693024343672, 39.9424403335047913 ], [ -75.1532847342309935, 39.9423764439088131 ], [ -75.1533418318785209, 39.942382951185202 ], [ -75.1533248569022305, 39.9424474323451122 ] ] ] ] } },
{ "type": "Feature", "properties": { "name": null, "material": "brick", "type": "dwelling", "height": 24.0, "height2": 24, "id": 148 }, "geometry": { "type": "MultiPolygon", "coordinates": [ [ [ [ -75.1533209989530775, 39.9423693450611239 ], [ -75.1532847342309935, 39.942364612495588 ], [ -75.1532924501293138, 39.9423308929567256 ], [ -75.1533233137225665, 39.9423356255245778 ], [ -75.1533209989530775, 39.9423693450611239 ] ] ] ] } },
{ "type": "Feature", "properties": { "name": null, "material": "brick", "type": "dwelling", "height": 36.0, "height2": 36, "id": 149 }, "geometry": { "type": "MultiPolygon", "coordinates": [ [ [ [ -75.1532145195563288, 39.9424332346637385 ], [ -75.1532392104309395, 39.942334442382645 ], [ -75.1532898789311758, 39.9423421294486758 ], [ -75.1532847342309935, 39.942364612495588 ], [ -75.1532851565586242, 39.9423646676095814 ], [ -75.1532693024343672, 39.9424403335047913 ], [ -75.1532145195563288, 39.9424332346637385 ] ] ] ] } },
{ "type": "Feature", "properties": { "name": null, "material": "wood", "type": "dwelling", "height": 24.0, "height2": 24, "id": 150 }, "geometry": { "type": "MultiPolygon", "coordinates": [ [ [ [ -75.1531952298105494, 39.9424290936727857 ], [ -75.1531473912410064, 39.9424231779709871 ], [ -75.1531643662172968, 39.9423510063678791 ], [ -75.1532083468376868, 39.9423557389343458 ], [ -75.1531952298105494, 39.9424290936727857 ] ] ] ] } },
{ "type": "Feature", "properties": { "name": null, "material": "brick", "type": "dwelling", "height": 24.0, "height2": 24, "id": 151 }, "geometry": { "type": "MultiPolygon", "coordinates": [ [ [ [ -75.1532083468376868, 39.9423557389343458 ], [ -75.1531643662172968, 39.9423510063678791 ], [ -75.153176711654595, 39.9423042722564006 ], [ -75.1532199206851459, 39.9423113711108257 ], [ -75.1532083468376868, 39.9423557389343458 ] ] ] ] } },
{ "type": "Feature", "properties": { "name": null, "material": "brick", "type": "dwelling", "height": 12.0, "height2": 12, "id": 152 }, "geometry": { "type": "MultiPolygon", "coordinates": [ [ [ [ -75.1532068036580085, 39.9422948071160064 ], [ -75.1531774832444341, 39.9422912576880194 ], [ -75.1531829193330623, 39.9422516182297187 ], [ -75.1532167097087012, 39.9422557682589172 ], [ -75.1532068036580085, 39.9422948071160064 ] ] ] ] } },
{ "type": "Feature", "properties": { "name": null, "material": "brick", "type": "dwelling", "height": 24.0, "height2": 24, "id": 153 }, "geometry": { "type": "MultiPolygon", "coordinates": [ [ [ [ -75.1530910651833182, 39.9424160791281651 ], [ -75.1531018674409523, 39.9423847258968294 ], [ -75.1531196140070676, 39.9423865006084284 ], [ -75.1531319594443801, 39.9423308929567256 ], [ -75.153168869632168, 39.9423339585273141 ], [ -75.1531688696321254, 39.9423339585274562 ], [ -75.1531643662172968, 39.9423510063678791 ], [ -75.1531473912410064, 39.9424231779709871 ], [ -75.1530910651833182, 39.9424160791281651 ] ] ] ] } },
{ "type": "Feature", "properties": { "name": null, "material": "brick", "type": "dwelling", "height": 12.0, "height2": 12, "id": 154 }, "geometry": { "type": "MultiPolygon", "coordinates": [ [ [ [ -75.1531319594443801, 39.9423308929567256 ], [ -75.1531481628308313, 39.9422735105453484 ], [ -75.1531795610495408, 39.9422761065270535 ], [ -75.1531795610495408, 39.9422761065270606 ], [ -75.153168869632168, 39.9423339585273141 ], [ -75.1531319594443801, 39.9423308929567256 ] ] ] ] } },
{ "type": "Feature", "properties": { "name": null, "material": "brick", "type": "dwelling", "height": 24.0, "height2": 24, "id": 155 }, "geometry": { "type": "MultiPolygon", "coordinates": [ [ [ [ -75.1530648311290435, 39.9424131212767577 ], [ -75.153006190301852, 39.9424072055735877 ], [ -75.1530216220984926, 39.9423279351016447 ], [ -75.1530802629256698, 39.9423362170955443 ], [ -75.1530648311290435, 39.9424131212767577 ] ] ] ] } },
{ "type": "Feature", "properties": { "name": null, "material": "brick", "type": "dwelling", "height": 24.0, "height2": 24, "id": 156 }, "geometry": { "type": "MultiPolygon", "coordinates": [ [ [ [ -75.153006190301852, 39.9424072055735877 ], [ -75.1529552653729951, 39.9424006982994939 ], [ -75.1529745551187744, 39.9423261603885393 ], [ -75.1530209075077664, 39.9423316058326421 ], [ -75.153006190301852, 39.9424072055735877 ] ] ] ] } },
{ "type": "Feature", "properties": { "name": null, "material": "brick", "type": "dwelling", "height": 24.0, "height2": 24, "id": 157 }, "geometry": { "type": "MultiPolygon", "coordinates": [ [ [ [ -75.1529552653729951, 39.9424006982994939 ], [ -75.152918229061072, 39.9423947825952439 ], [ -75.1529344324475517, 39.9423338508116714 ], [ -75.1529709639364825, 39.9423400371574502 ], [ -75.1529552653729951, 39.9424006982994939 ] ] ] ] } },
{ "type": "Feature", "properties": { "name": null, "material": "brick", "type": "dwelling", "height": 24.0, "height2": 24, "id": 158 }, "geometry": { "type": "MultiPolygon", "coordinates": [ [ [ [ -75.152918229061072, 39.9423947825952439 ], [ -75.1528765632101852, 39.9423906416019605 ], [ -75.1528919950068115, 39.9423273435306072 ], [ -75.1529344324475517, 39.9423338508116714 ], [ -75.152918229061072, 39.9423947825952439 ] ] ] ] } },
{ "type": "Feature", "properties": { "name": null, "material": "brick", "type": "dwelling", "height": 24.0, "height2": 24, "id": 159 }, "geometry": { "type": "MultiPolygon", "coordinates": [ [ [ [ -75.1528765632101852, 39.9423906416019605 ], [ -75.1528387553084514, 39.9423870921789472 ], [ -75.1528557302847418, 39.9423226109621723 ], [ -75.1528919950068115, 39.9423273435306072 ], [ -75.1528765632101852, 39.9423906416019605 ] ] ] ] } },
{ "type": "Feature", "properties": { "name": null, "material": "brick", "type": "dwelling", "height": 24.0, "height2": 24, "id": 160 }, "geometry": { "type": "MultiPolygon", "coordinates": [ [ [ [ -75.1528387553084514, 39.9423870921789472 ], [ -75.1527994042270393, 39.9423835427557563 ], [ -75.1528125212541767, 39.9423220193910993 ], [ -75.1528557302847418, 39.9423226109621723 ], [ -75.1528387553084514, 39.9423870921789472 ] ] ] ] } },
{ "type": "Feature", "properties": { "name": null, "material": "wood", "type": "dwelling/store", "height": 24.0, "height2": 24, "id": 161 }, "geometry": { "type": "MultiPolygon", "coordinates": [ [ [ [ -75.1527862871999162, 39.942381472258802 ], [ -75.1527106713964486, 39.9423714155584406 ], [ -75.1527222452439219, 39.9423288224581796 ], [ -75.1527932315084115, 39.9423412454484961 ], [ -75.1527862871999162, 39.942381472258802 ] ] ] ] } },
{ "type": "Feature", "properties": { "name": null, "material": "wood", "type": "dwelling/store", "height": 24.0, "height2": 24, "id": 162 }, "geometry": { "type": "MultiPolygon", "coordinates": [ [ [ [ -75.1527106713964486, 39.9423714155584406 ], [ -75.1526435430811119, 39.9423613588566013 ], [ -75.1526551169285852, 39.9423158078944809 ], [ -75.1527222452439219, 39.9423288224581796 ], [ -75.1527222452439219, 39.9423288224581796 ], [ -75.1527106713964486, 39.9423714155584406 ] ] ] ] } },
{ "type": "Feature", "properties": { "name": null, "material": "brick", "type": "store", "height": 24.0, "height2": 24, "id": 163 }, "geometry": { "type": "MultiPolygon", "coordinates": [ [ [ [ -75.1526435430811119, 39.9423613588566013 ], [ -75.1525424648132088, 39.9423477527282316 ], [ -75.152556353430171, 39.9422933281876951 ], [ -75.1526512589794322, 39.9423045680420117 ], [ -75.1526435430811119, 39.9423613588566013 ] ] ] ] } },
{ "type": "Feature", "properties": { "name": null, "material": "brick", "type": "store", "height": 24.0, "height2": 24, "id": 164 }, "geometry": { "type": "MultiPolygon", "coordinates": [ [ [ [ -75.1525424648132088, 39.9423477527282316 ], [ -75.1524946262436515, 39.9423424285903081 ], [ -75.152508514860628, 39.9422856377600155 ], [ -75.152556353430171, 39.9422933281876951 ], [ -75.1525424648132088, 39.9423477527282316 ] ] ] ] } },
{ "type": "Feature", "properties": { "name": "1st Black Public School", "material": "brick", "type": "school", "height": 36.0, "height2": 36, "id": 165 }, "geometry": { "type": "MultiPolygon", "coordinates": [ [ [ [ -75.1525972476912472, 39.9434658125137716 ], [ -75.1523187037621199, 39.9434320935175862 ], [ -75.1523457094062195, 39.943321471430977 ], [ -75.1525787295353069, 39.9433504579843373 ], [ -75.1525856738437739, 39.9433244292431127 ], [ -75.152628111284514, 39.943330344866979 ], [ -75.1525972476912472, 39.9434658125137716 ] ] ] ] } },
{ "type": "Feature", "properties": { "name": "Union Baptist", "material": "brick", "type": "church", "height": 36.0, "height2": 36, "id": 166 }, "geometry": { "type": "MultiPolygon", "coordinates": [ [ [ [ -75.1528734768508855, 39.9435101795886922 ], [ -75.1526936964201724, 39.9434894749573104 ], [ -75.1527153009354549, 39.9433983745047883 ], [ -75.152891223417015, 39.943421445410074 ], [ -75.1528734768508855, 39.9435101795886922 ] ] ] ] } },
{ "type": "Feature", "properties": { "name": null, "material": "brick", "type": "store", "height": 36.0, "height2": 36, "id": 167 }, "geometry": { "type": "MultiPolygon", "coordinates": [ [ [ [ -75.1528738852785239, 39.9435081374207712 ], [ -75.1528738852785239, 39.9435081374207499 ], [ -75.1529051120339773, 39.9434007407518408 ], [ -75.1529845857866121, 39.9434143466708136 ], [ -75.1529622096814904, 39.9435202361216639 ], [ -75.1528738852785239, 39.9435081374207712 ] ] ] ] } },
{ "type": "Feature", "properties": { "name": null, "material": "brick", "type": "dwelling", "height": 36.0, "height2": 36, "id": 168 }, "geometry": { "type": "MultiPolygon", "coordinates": [ [ [ [ -75.1530293379968271, 39.9435302926531719 ], [ -75.1529622096814904, 39.9435202361216639 ], [ -75.1529771983102677, 39.9434493061159372 ], [ -75.1530470845629424, 39.9434587137791084 ], [ -75.1530293379968271, 39.9435302926531719 ] ] ] ] } },
{ "type": "Feature", "properties": { "name": null, "material": "brick", "type": "dwelling", "height": 24.0, "height2": 24, "id": 169 }, "geometry": { "type": "MultiPolygon", "coordinates": [ [ [ [ -75.1530825776952014, 39.9435385745015381 ], [ -75.1530293379968271, 39.9435302926531719 ], [ -75.1530470845629424, 39.9434587137791084 ], [ -75.1530771765663701, 39.9434646293913787 ], [ -75.153074090207042, 39.9434900665182937 ], [ -75.1530902935935075, 39.9434942074450277 ], [ -75.1530825776952014, 39.9435385745015381 ] ] ] ] } },
{ "type": "Feature", "properties": { "name": "Little Union Methodist", "material": "brick", "type": "church", "height": 24.0, "height2": 24, "id": 170 }, "geometry": { "type": "MultiPolygon", "coordinates": [ [ [ [ -75.1531435332918676, 39.9435456732279093 ], [ -75.1530825776952014, 39.9435385745015381 ], [ -75.1531165276477822, 39.9434196707253335 ], [ -75.1531674525766391, 39.9434267694640397 ], [ -75.1531435332918676, 39.9435456732279093 ] ] ] ] } },
{ "type": "Feature", "properties": { "name": null, "material": "brick", "type": "dwelling", "height": 24.0, "height2": 24, "id": 171 }, "geometry": { "type": "MultiPolygon", "coordinates": [ [ [ [ -75.1531944582207529, 39.9435533635139777 ], [ -75.1531435332918676, 39.9435456732279093 ], [ -75.1531503559726417, 39.9435117574178733 ], [ -75.153200630939395, 39.9435160951965003 ], [ -75.1531944582207529, 39.9435533635139777 ] ] ] ] } },
{ "type": "Feature", "properties": { "name": null, "material": "brick", "type": "dwelling", "height": 24.0, "height2": 24, "id": 172 }, "geometry": { "type": "MultiPolygon", "coordinates": [ [ [ [ -75.153189363546204, 39.9435151230336274 ], [ -75.1531503559726417, 39.9435117574178733 ], [ -75.1531583768729661, 39.9434718851904691 ], [ -75.1531960014004028, 39.943480009980874 ], [ -75.153189363546204, 39.9435151230336274 ] ] ] ] } },
{ "type": "Feature", "properties": { "name": null, "material": "brick", "type": "dwelling", "height": 24.0, "height2": 24, "id": 173 }, "geometry": { "type": "MultiPolygon", "coordinates": [ [ [ [ -75.1531583768729661, 39.9434718851904691 ], [ -75.1531584087211542, 39.943471726871806 ], [ -75.1531658431919567, 39.9434347697890502 ], [ -75.1532060320682262, 39.9434421500620473 ], [ -75.1531960014004028, 39.943480009980874 ], [ -75.1531583768729661, 39.9434718851904691 ] ] ] ] } },
{ "type": "Feature", "properties": { "name": null, "material": "brick", "type": "dwelling", "height": 24.0, "height2": 24, "id": 174 }, "geometry": { "type": "MultiPolygon", "coordinates": [ [ [ [ -75.1531743968851202, 39.9433930504486199 ], [ -75.1531358173935615, 39.9433853601445321 ], [ -75.1531435332918676, 39.9433545989195267 ], [ -75.1531797980139515, 39.9433599229786793 ], [ -75.1531743968851202, 39.9433930504486199 ] ] ] ] } },
{ "type": "Feature", "properties": { "name": null, "material": "brick", "type": "dwelling", "height": 24.0, "height2": 24, "id": 175 }, "geometry": { "type": "MultiPolygon", "coordinates": [ [ [ [ -75.1531797980139515, 39.9433599229786793 ], [ -75.1531435332918676, 39.9433545989195267 ], [ -75.1531527923698519, 39.9433220629934098 ], [ -75.1531921434512498, 39.9433256123679286 ], [ -75.1531797980139515, 39.9433599229786793 ] ] ] ] } },
{ "type": "Feature", "properties": { "name": null, "material": "brick", "type": "dwelling", "height": 24.0, "height2": 24, "id": 176 }, "geometry": { "type": "MultiPolygon", "coordinates": [ [ [ [ -75.1531921434512498, 39.9433256123679286 ], [ -75.1531527923698519, 39.9433220629934098 ], [ -75.1531597366783188, 39.9432842029871864 ], [ -75.153198316169906, 39.9432930764280343 ], [ -75.1531921434512498, 39.9433256123679286 ] ] ] ] } },
{ "type": "Feature", "properties": { "name": null, "material": "brick", "type": "dwelling", "height": 24.0, "height2": 24, "id": 177 }, "geometry": { "type": "MultiPolygon", "coordinates": [ [ [ [ -75.153198316169906, 39.9432930764280343 ], [ -75.1531597366783188, 39.9432842029871864 ], [ -75.1531628230376612, 39.9432552164057739 ], [ -75.1532075752478761, 39.9432593573467187 ], [ -75.153198316169906, 39.9432930764280343 ] ] ] ] } },
{ "type": "Feature", "properties": { "name": null, "material": "wood", "type": "store", "height": 36.0, "height2": 36, "id": 178 }, "geometry": { "type": "MultiPolygon", "coordinates": [ [ [ [ -75.1532075752478761, 39.9432593573467187 ], [ -75.1531628230376612, 39.9432552164057739 ], [ -75.1531682241664782, 39.9432149901091549 ], [ -75.1532145195563572, 39.9432203141791788 ], [ -75.1532075752478761, 39.9432593573467187 ] ] ] ] } },
{ "type": "Feature", "properties": { "name": null, "material": "brick", "type": "dwelling", "height": 24.0, "height2": 24, "id": 179 }, "geometry": { "type": "MultiPolygon", "coordinates": [ [ [ [ -75.1531845520304245, 39.9433467105521558 ], [ -75.1531921434512498, 39.9433256123679286 ], [ -75.1531949730302813, 39.9433106978697197 ], [ -75.1532338093021366, 39.9433161473688259 ], [ -75.1532284081733337, 39.9433528242330453 ], [ -75.1531845520304245, 39.9433467105521558 ] ] ] ] } },
{ "type": "Feature", "properties": { "name": null, "material": "brick", "type": "dwelling", "height": 24.0, "height2": 24, "id": 180 }, "geometry": { "type": "MultiPolygon", "coordinates": [ [ [ [ -75.1532338093021366, 39.9433161473688259 ], [ -75.1531949730302813, 39.9433106978697197 ], [ -75.1532114331970291, 39.9432741464195189 ], [ -75.1532430683801209, 39.9432771042336867 ], [ -75.1532338093021366, 39.9433161473688259 ] ] ] ] } },
{ "type": "Feature", "properties": { "name": null, "material": "brick", "type": "dwelling", "height": 36.0, "height2": 36, "id": 181 }, "geometry": { "type": "MultiPolygon", "coordinates": [ [ [ [ -75.1532428731424886, 39.9432779275004819 ], [ -75.1532430683801209, 39.9432771042336867 ], [ -75.1532114331970291, 39.9432741464195189 ], [ -75.1532145195563572, 39.9432203141791788 ], [ -75.1532608149462504, 39.943228004501826 ], [ -75.153250784278427, 39.9432788789221291 ], [ -75.1532428731424886, 39.9432779275004819 ] ] ] ] } },
{ "type": "Feature", "properties": { "name": null, "material": "brick", "type": "dwelling", "height": 36.0, "height2": 36, "id": 182 }, "geometry": { "type": "MultiPolygon", "coordinates": [ [ [ [ -75.1533125114649465, 39.9432871608009279 ], [ -75.1532662160750675, 39.9432824282988861 ], [ -75.1532770183326875, 39.9432250466855265 ], [ -75.1533233137225949, 39.9432351032604203 ], [ -75.1533125114649465, 39.9432871608009279 ] ] ] ] } },
{ "type": "Feature", "properties": { "name": null, "material": "brick", "type": "dwelling", "height": 24.0, "height2": 24, "id": 183 }, "geometry": { "type": "MultiPolygon", "coordinates": [ [ [ [ -75.1533071103361294, 39.943321471430977 ], [ -75.1532747035631985, 39.9433179220562522 ], [ -75.1532825407594913, 39.943284097074212 ], [ -75.1533125114649465, 39.9432871608009279 ], [ -75.1533071103361294, 39.943321471430977 ] ] ] ] } },
{ "type": "Feature", "properties": { "name": null, "material": "brick", "type": "dwelling", "height": 24.0, "height2": 24, "id": 184 }, "geometry": { "type": "MultiPolygon", "coordinates": [ [ [ [ -75.1532970796683202, 39.943361697664983 ], [ -75.1532669876648924, 39.9433569651680926 ], [ -75.1532747035631985, 39.9433179220562522 ], [ -75.1533071103361294, 39.943321471430977 ], [ -75.1532970796683202, 39.943361697664983 ] ] ] ] } },
{ "type": "Feature", "properties": { "name": null, "material": "brick", "type": "dwelling", "height": 24.0, "height2": 24, "id": 185 }, "geometry": { "type": "MultiPolygon", "coordinates": [ [ [ [ -75.1532723887937095, 39.943461671585311 ], [ -75.1532276365834804, 39.9434563475340667 ], [ -75.1532353524818006, 39.9434161213557033 ], [ -75.1532816478716938, 39.9434220369716542 ], [ -75.1532723887937095, 39.943461671585311 ] ] ] ] } },
{ "type": "Feature", "properties": { "name": null, "material": "brick", "type": "dwelling", "height": 24.0, "height2": 24, "id": 186 }, "geometry": { "type": "MultiPolygon", "coordinates": [ [ [ [ -75.1532538706377551, 39.9435746596862771 ], [ -75.153202174119059, 39.943568744083521 ], [ -75.1532199206851743, 39.9434924327621701 ], [ -75.1532654444852284, 39.9435007146151193 ], [ -75.1532538706377551, 39.9435746596862771 ] ] ] ] } },
{ "type": "Feature", "properties": { "name": "", "material": "brick", "type": "dwelling", "height": 36.0, "height2": 36, "id": 187 }, "geometry": { "type": "MultiPolygon", "coordinates": [ [ [ [ -75.153513124821103, 39.9436208013701872 ], [ -75.1533919852175814, 39.943606012372328 ], [ -75.1534004727057265, 39.9435580959972825 ], [ -75.1535239270787514, 39.9435746596862771 ], [ -75.153513124821103, 39.9436208013701872 ] ] ] ] } },
{ "type": "Feature", "properties": { "name": null, "material": "brick", "type": "dwelling", "height": 36.0, "height2": 36, "id": 188 }, "geometry": { "type": "MultiPolygon", "coordinates": [ [ [ [ -75.1535239270787514, 39.9435746596862771 ], [ -75.1534004727057265, 39.9435580959972825 ], [ -75.1534135897328497, 39.9435155036357443 ], [ -75.1535331861567215, 39.9435332504562766 ], [ -75.1535239270787514, 39.9435746596862771 ] ] ] ] } },
{ "type": "Feature", "properties": { "name": null, "material": "brick", "type": "dwelling", "height": 24.0, "height2": 24, "id": 189 }, "geometry": { "type": "MultiPolygon", "coordinates": [ [ [ [ -75.1535347293363856, 39.9435214192430905 ], [ -75.1534753169193692, 39.9435155036357443 ], [ -75.1534822612278504, 39.943484150908219 ], [ -75.1535385872855386, 39.9434906580792628 ], [ -75.1535347293363856, 39.9435214192430905 ] ] ] ] } },
{ "type": "Feature", "properties": { "name": null, "material": "brick", "type": "dwelling", "height": 24.0, "height2": 24, "id": 190 }, "geometry": { "type": "MultiPolygon", "coordinates": [ [ [ [ -75.1534762059830825, 39.9435114896195316 ], [ -75.1534166760921778, 39.9435048555412138 ], [ -75.1534236204006731, 39.9434782352976399 ], [ -75.1534822612278504, 39.943484150908219 ], [ -75.1534762059830825, 39.9435114896195316 ] ] ] ] } },
{ "type": "Feature", "properties": { "name": null, "material": "brick", "type": "dwelling", "height": 24.0, "height2": 24, "id": 191 }, "geometry": { "type": "MultiPolygon", "coordinates": [ [ [ [ -75.1534166760921778, 39.9435048555412138 ], [ -75.1533773250107799, 39.9434977568106149 ], [ -75.153381182959933, 39.9434717281254166 ], [ -75.1534236204006731, 39.9434782352976399 ], [ -75.1534166760921778, 39.9435048555412138 ] ] ] ] } },
{ "type": "Feature", "properties": { "name": null, "material": "brick", "type": "dwelling", "height": 36.0, "height2": 36, "id": 192 }, "geometry": { "type": "MultiPolygon", "coordinates": [ [ [ [ -75.153381182959933, 39.9434409669392423 ], [ -75.1533271716717479, 39.9434344597634805 ], [ -75.153338745519207, 39.9434066563691204 ], [ -75.1533858124989251, 39.9434161213557033 ], [ -75.153381182959933, 39.9434409669392423 ] ] ] ] } },
{ "type": "Feature", "properties": { "name": null, "material": "brick", "type": "dwelling", "height": 24.0, "height2": 24, "id": 193 }, "geometry": { "type": "MultiPolygon", "coordinates": [ [ [ [ -75.1533858124989251, 39.9434161213557033 ], [ -75.153338745519207, 39.9434066563691204 ], [ -75.1533441466480383, 39.9433753035917292 ], [ -75.1533927568074063, 39.9433818107731184 ], [ -75.1533858124989251, 39.9434161213557033 ] ] ] ] } },
{ "type": "Feature", "properties": { "name": null, "material": "brick", "type": "dwelling", "height": 24.0, "height2": 24, "id": 194 }, "geometry": { "type": "MultiPolygon", "coordinates": [ [ [ [ -75.1533927568074063, 39.9433818107731184 ], [ -75.1533441466480383, 39.9433753035917292 ], [ -75.1533526341361693, 39.9433445423621976 ], [ -75.1533981579362234, 39.9433492748599477 ], [ -75.1533927568074063, 39.9433818107731184 ] ] ] ] } },
{ "type": "Feature", "properties": { "name": "Home for the Colored Aged and Infirm", "material": "3", "type": "dwelling", "height": 36.0, "height2": 36, "id": 195 }, "geometry": { "type": "MultiPolygon", "coordinates": [ [ [ [ -75.1534020158853764, 39.9433404014263971 ], [ -75.1533796397802689, 39.9433350773657168 ], [ -75.1533819545497721, 39.9433173304937768 ], [ -75.1533618932141536, 39.9433143726813427 ], [ -75.153336430749718, 39.9433125979938168 ], [ -75.153328714851412, 39.9433267954927231 ], [ -75.1533071103361294, 39.943321471430977 ], [ -75.1533233137225949, 39.9432351032604203 ], [ -75.1534236204006731, 39.9432457513969226 ], [ -75.1534128181430248, 39.9432954426787177 ], [ -75.1534020158853764, 39.9433404014263971 ] ] ] ] } },
{ "type": "Feature", "properties": { "name": null, "material": "brick", "type": "dwelling", "height": 36.0, "height2": 36, "id": 196 }, "geometry": { "type": "MultiPolygon", "coordinates": [ [ [ [ -75.1534822612278504, 39.943484150908219 ], [ -75.1534236204006731, 39.9434782352976399 ], [ -75.1534375090176354, 39.9434474741144001 ], [ -75.1534845759973535, 39.9434545728502215 ], [ -75.1534822612278504, 39.943484150908219 ] ] ] ] } },
{ "type": "Feature", "properties": { "name": null, "material": "brick", "type": "dwelling", "height": 24.0, "height2": 24, "id": 197 }, "geometry": { "type": "MultiPolygon", "coordinates": [ [ [ [ -75.1534845759973535, 39.9434545728502215 ], [ -75.1534375090176354, 39.9434474741144001 ], [ -75.1534436817362774, 39.9434125719858883 ], [ -75.1534915203058347, 39.9434196707253335 ], [ -75.1534845759973535, 39.9434545728502215 ] ] ] ] } },
{ "type": "Feature", "properties": { "name": null, "material": "brick", "type": "dwelling", "height": 36.0, "height2": 36, "id": 198 }, "geometry": { "type": "MultiPolygon", "coordinates": [ [ [ [ -75.1534915203058347, 39.9434196707253335 ], [ -75.1534436817362774, 39.9434125719858883 ], [ -75.1534537124041009, 39.9433800360873477 ], [ -75.153499236204155, 39.9433865432682893 ], [ -75.1534915203058347, 39.9434196707253335 ] ] ] ] } },
{ "type": "Feature", "properties": { "name": null, "material": "brick", "type": "dwelling", "height": 24.0, "height2": 24, "id": 199 }, "geometry": { "type": "MultiPolygon", "coordinates": [ [ [ [ -75.153499236204155, 39.9433865432682893 ], [ -75.1534537124041009, 39.9433800360873477 ], [ -75.1534575703532539, 39.943346317048892 ], [ -75.153506952102461, 39.9433551904816753 ], [ -75.153499236204155, 39.9433865432682893 ] ] ] ] } },
{ "type": "Feature", "properties": { "name": null, "material": "brick", "type": "dwelling", "height": 24.0, "height2": 24, "id": 200 }, "geometry": { "type": "MultiPolygon", "coordinates": [ [ [ [ -75.153506952102461, 39.9433551904816753 ], [ -75.1534575703532539, 39.943346317048892 ], [ -75.1534683726108881, 39.9433155558063362 ], [ -75.1535154395906062, 39.943321471430977 ], [ -75.153506952102461, 39.9433551904816753 ] ] ] ] } },
{ "type": "Feature", "properties": { "name": null, "material": "brick", "type": "dwelling", "height": 36.0, "height2": 36, "id": 201 }, "geometry": { "type": "MultiPolygon", "coordinates": [ [ [ [ -75.1535154395906062, 39.943321471430977 ], [ -75.1534683726108881, 39.9433155558063362 ], [ -75.1534822612278504, 39.9432528501536765 ], [ -75.1535293282075685, 39.9432599489096916 ], [ -75.1535154395906062, 39.943321471430977 ] ] ] ] } },
{ "type": "Feature", "properties": { "name": null, "material": "brick", "type": "dwelling", "height": 24.0, "height2": 24, "id": 202 }, "geometry": { "type": "MultiPolygon", "coordinates": [ [ [ [ -75.1534529408142618, 39.9432670476649676 ], [ -75.1534197833052957, 39.9432634023582978 ], [ -75.1534236204006731, 39.9432457513969226 ], [ -75.1534552555837507, 39.9432522585906398 ], [ -75.1534529408142618, 39.9432670476649676 ] ] ] ] } },
{ "type": "Feature", "properties": { "name": null, "material": "brick", "type": "store", "height": 24.0, "height2": 24, "id": 203 }, "geometry": { "type": "MultiPolygon", "coordinates": [ [ [ [ -75.1535385872855386, 39.9434906580792628 ], [ -75.1534822612278504, 39.943484150908219 ], [ -75.1534845759973535, 39.9434545728502215 ], [ -75.1535478463635087, 39.9434622631465359 ], [ -75.1535385872855386, 39.9434906580792628 ] ] ] ] } },
{ "type": "Feature", "properties": { "name": null, "material": "wood", "type": "dwelling", "height": 24.0, "height2": 24, "id": 204 }, "geometry": { "type": "MultiPolygon", "coordinates": [ [ [ [ -75.1534925599015224, 39.9434152073235325 ], [ -75.1535054508310054, 39.9433612907502962 ], [ -75.1535054508310765, 39.9433612907499835 ], [ -75.153559420210982, 39.9433670217235886 ], [ -75.1535439884143557, 39.9434208538485009 ], [ -75.1534925599015224, 39.9434152073235325 ] ] ] ] } },
{ "type": "Feature", "properties": { "name": null, "material": "brick", "type": "dwelling", "height": 24.0, "height2": 24, "id": 205 }, "geometry": { "type": "MultiPolygon", "coordinates": [ [ [ [ -75.153506952102461, 39.9433551904816753 ], [ -75.1535154395906062, 39.943321471430977 ], [ -75.1535168533869893, 39.9433152087280163 ], [ -75.1535771667771257, 39.9433238376806869 ], [ -75.1535702224686304, 39.9433664301615465 ], [ -75.153506952102461, 39.9433551904816753 ] ] ] ] } },
{ "type": "Feature", "properties": { "name": null, "material": "wood", "type": "dwelling/store", "height": 36.0, "height2": 36, "id": 206 }, "geometry": { "type": "MultiPolygon", "coordinates": [ [ [ [ -75.1535771667771257, 39.9433238376806869 ], [ -75.1535168533869893, 39.9433152087280163 ], [ -75.1535293282075685, 39.9432599489096916 ], [ -75.1535902838042489, 39.9432670476649676 ], [ -75.1535771667771257, 39.9433238376806869 ] ] ] ] } },
{ "type": "Feature", "properties": { "name": null, "material": "brick", "type": "dwelling", "height": 36.0, "height2": 36, "id": 207 }, "geometry": { "type": "MultiPolygon", "coordinates": [ [ [ [ -75.1537052506891143, 39.9436397312827935 ], [ -75.1537507744891684, 39.94364682999867 ], [ -75.1537600335671527, 39.9436113364119194 ], [ -75.1536628132484026, 39.943599505212255 ], [ -75.1536504678110902, 39.9436344072453977 ], [ -75.1537052506891143, 39.9436397312827935 ] ] ] ] } },
{ "type": "Feature", "properties": { "name": null, "material": "brick", "type": "dwelling", "height": 36.0, "height2": 36, "id": 208 }, "geometry": { "type": "MultiPolygon", "coordinates": [ [ [ [ -75.1537600335671527, 39.9436113364119194 ], [ -75.1536628132484026, 39.943599505212255 ], [ -75.1536674427873805, 39.9435640116009552 ], [ -75.1537662062858089, 39.9435782090476863 ], [ -75.1537600335671527, 39.9436113364119194 ] ] ] ] } },
{ "type": "Feature", "properties": { "name": null, "material": "brick", "type": "dwelling", "height": 24.0, "height2": 24, "id": 209 }, "geometry": { "type": "MultiPolygon", "coordinates": [ [ [ [ -75.1537662062858089, 39.9435782090476863 ], [ -75.1536674427873805, 39.9435640116009552 ], [ -75.153677473455204, 39.9435267432892829 ], [ -75.1537731505942759, 39.9435415323042733 ], [ -75.1537662062858089, 39.9435782090476863 ] ] ] ] } },
{ "type": "Feature", "properties": { "name": "Sarah Ash's House", "material": "brick", "type": "dwelling", "height": 24.0, "height2": 24, "id": 210 }, "geometry": { "type": "MultiPolygon", "coordinates": [ [ [ [ -75.1537800949027712, 39.9435362082592533 ], [ -75.153677473455204, 39.9435267432892829 ], [ -75.153683646173846, 39.9434924327621701 ], [ -75.1537824096722602, 39.9435078133454127 ], [ -75.1537800949027712, 39.9435362082592533 ] ] ] ] } },
{ "type": "Feature", "properties": { "name": null, "material": "brick", "type": "dwelling", "height": 24.0, "height2": 24, "id": 211 }, "geometry": { "type": "MultiPolygon", "coordinates": [ [ [ [ -75.1537731505942759, 39.9435001230542213 ], [ -75.153683646173846, 39.9434924327621701 ], [ -75.153688275712824, 39.9434604884628399 ], [ -75.1537770085434431, 39.9434717281254166 ], [ -75.1537731505942759, 39.9435001230542213 ] ] ] ] } },
{ "type": "Feature", "properties": { "name": null, "material": "brick", "type": "dwelling", "height": 24.0, "height2": 24, "id": 212 }, "geometry": { "type": "MultiPolygon", "coordinates": [ [ [ [ -75.1537770085434431, 39.9434717281254166 ], [ -75.153688275712824, 39.9434604884628399 ], [ -75.1536959916111442, 39.9434226285332201 ], [ -75.1537847244417492, 39.9434356428863921 ], [ -75.1537770085434431, 39.9434717281254166 ] ] ] ] } },
{ "type": "Feature", "properties": { "name": null, "material": "brick", "type": "dwelling", "height": 36.0, "height2": 36, "id": 213 }, "geometry": { "type": "MultiPolygon", "coordinates": [ [ [ [ -75.1537847244417492, 39.9434356428863921 ], [ -75.1536959916111442, 39.9434226285332201 ], [ -75.1537044790992894, 39.9433829938969467 ], [ -75.1537932119299086, 39.9433989660665532 ], [ -75.1537847244417492, 39.9434356428863921 ] ] ] ] } },
{ "type": "Feature", "properties": { "name": null, "material": "brick", "type": "dwelling", "height": 36.0, "height2": 36, "id": 214 }, "geometry": { "type": "MultiPolygon", "coordinates": [ [ [ [ -75.1537625045457105, 39.94339343864781 ], [ -75.1537044790992894, 39.9433829938969467 ], [ -75.1537137381772737, 39.9433516411086984 ], [ -75.1537654346959698, 39.9433599229786793 ], [ -75.1537625045457105, 39.94339343864781 ] ] ] ] } },
{ "type": "Feature", "properties": { "name": null, "material": "brick", "type": "dwelling", "height": 36.0, "height2": 36, "id": 215 }, "geometry": { "type": "MultiPolygon", "coordinates": [ [ [ [ -75.1537654346959698, 39.9433599229786793 ], [ -75.1537137381772737, 39.9433516411086984 ], [ -75.1537229972552581, 39.9433155558063362 ], [ -75.153822532343483, 39.9433297533046243 ], [ -75.1538171312146801, 39.9433528242330453 ], [ -75.1537739221841292, 39.9433480917355439 ], [ -75.1537654346959698, 39.9433599229786793 ] ] ] ] } },
{ "type": "Feature", "properties": { "name": null, "material": "brick", "type": "dwelling", "height": 36.0, "height2": 36, "id": 216 }, "geometry": { "type": "MultiPolygon", "coordinates": [ [ [ [ -75.153856482296078, 39.9433321195540358 ], [ -75.1537229972552581, 39.9433155558063362 ], [ -75.153729941563725, 39.9432824282988861 ], [ -75.153864198194384, 39.9432972173666911 ], [ -75.153856482296078, 39.9433321195540358 ] ] ] ] } },
{ "type": "Feature", "properties": { "name": "Philadelphia Institute", "material": "brick", "type": "hall", "height": 36.0, "height2": 36, "id": 217 }, "geometry": { "type": "MultiPolygon", "coordinates": [ [ [ [ -75.1541928954625718, 39.9434536855082811 ], [ -75.1541388841743583, 39.9434471783337202 ], [ -75.1541635750489689, 39.9433406972075389 ], [ -75.1542183579269931, 39.9433472043922251 ], [ -75.1541928954625718, 39.9434536855082811 ] ] ] ] } },
{ "type": "Feature", "properties": { "name": "Institue for Colored Youth", "material": "brick", "type": "dwelling", "height": 48.0, "height2": 48, "id": 218 }, "geometry": { "type": "MultiPolygon", "coordinates": [ [ [ [ -75.1543603304559724, 39.9432194268342045 ], [ -75.1542160431575041, 39.9432022714957498 ], [ -75.1542391908524507, 39.9430875080864496 ], [ -75.1543448986593603, 39.9431022971963898 ], [ -75.1543580156864834, 39.9430608876805024 ], [ -75.1543896508695894, 39.9430685780210624 ], [ -75.1543603304559724, 39.9432194268342045 ] ] ] ] } },
{ "type": "Feature", "properties": { "name": null, "material": "brick", "type": "dwelling", "height": 36.0, "height2": 36, "id": 219 }, "geometry": { "type": "MultiPolygon", "coordinates": [ [ [ [ -75.153898148146979, 39.943379148744441 ], [ -75.1538495379875968, 39.9433726415627888 ], [ -75.153864198194384, 39.9432972173666911 ], [ -75.1539135799436053, 39.9433034287742217 ], [ -75.153898148146979, 39.943379148744441 ] ] ] ] } },
{ "type": "Feature", "properties": { "name": null, "material": "brick", "type": "dwelling", "height": 36.0, "height2": 36, "id": 220 }, "geometry": { "type": "MultiPolygon", "coordinates": [ [ [ [ -75.1539421287673548, 39.9433844728016894 ], [ -75.153898148146979, 39.943379148744441 ], [ -75.1539135799436053, 39.9433034287742217 ], [ -75.1539583321538203, 39.943309344399907 ], [ -75.1539421287673548, 39.9433844728016894 ] ] ] ] } },
{ "type": "Feature", "properties": { "name": null, "material": "brick", "type": "dwelling", "height": 36.0, "height2": 36, "id": 221 }, "geometry": { "type": "MultiPolygon", "coordinates": [ [ [ [ -75.153984566208095, 39.9433886137348253 ], [ -75.1539421287673548, 39.9433844728016894 ], [ -75.1539583321538203, 39.943309344399907 ], [ -75.1540046275437135, 39.9433158515875775 ], [ -75.153984566208095, 39.9433886137348253 ] ] ] ] } },
{ "type": "Feature", "properties": { "name": null, "material": "brick", "type": "dwelling", "height": 24.0, "height2": 24, "id": 222 }, "geometry": { "type": "MultiPolygon", "coordinates": [ [ [ [ -75.154034719547127, 39.9434063605882699 ], [ -75.153988424157248, 39.9434010365327197 ], [ -75.1540046275437135, 39.9433158515875775 ], [ -75.1540509229335925, 39.9433217672122041 ], [ -75.154034719547127, 39.9434063605882699 ] ] ] ] } },
{ "type": "Feature", "properties": { "name": null, "material": "brick", "type": "dwelling", "height": 24.0, "height2": 24, "id": 223 }, "geometry": { "type": "MultiPolygon", "coordinates": [ [ [ [ -75.1540779285776921, 39.943411684643408 ], [ -75.154034719547127, 39.9434063605882699 ], [ -75.1540509229335925, 39.9433217672122041 ], [ -75.1540949035539825, 39.9433288659610639 ], [ -75.1540779285776921, 39.943411684643408 ] ] ] ] } },
{ "type": "Feature", "properties": { "name": null, "material": "brick", "type": "dwelling", "height": 36.0, "height2": 36, "id": 224 }, "geometry": { "type": "MultiPolygon", "coordinates": [ [ [ [ -75.154076385398028, 39.9434377133514431 ], [ -75.1540944792640744, 39.9433309360170981 ], [ -75.1540944792640886, 39.9433309360169844 ], [ -75.1541535443811739, 39.9433412887698012 ], [ -75.1541303966862273, 39.9434454036496476 ], [ -75.154076385398028, 39.9434377133514431 ] ] ] ] } },
{ "type": "Feature", "properties": { "name": null, "material": "brick", "type": "dwelling", "height": 36.0, "height2": 36, "id": 225 }, "geometry": { "type": "MultiPolygon", "coordinates": [ [ [ [ -75.1542484499304351, 39.9434566433146898 ], [ -75.1541946883047274, 39.9434461880527039 ], [ -75.1542183579269931, 39.9433472043922251 ], [ -75.1542669680863895, 39.943355486262746 ], [ -75.1542484499304351, 39.9434566433146898 ] ] ] ] } },
{ "type": "Feature", "properties": { "name": null, "material": "brick", "type": "dwelling", "height": 36.0, "height2": 36, "id": 226 }, "geometry": { "type": "MultiPolygon", "coordinates": [ [ [ [ -75.1543132634762543, 39.9434631504883626 ], [ -75.1542484499304351, 39.9434566433146898 ], [ -75.1542785419338486, 39.9433590356355239 ], [ -75.1543325532220479, 39.9433649512564131 ], [ -75.1543132634762543, 39.9434631504883626 ] ] ] ] } },
{ "type": "Feature", "properties": { "name": null, "material": "brick", "type": "dwelling", "height": 36.0, "height2": 36, "id": 227 }, "geometry": { "type": "MultiPolygon", "coordinates": [ [ [ [ -75.1543742190729489, 39.943469657661403 ], [ -75.1543132634762543, 39.9434631504883626 ], [ -75.1543325532220479, 39.9433649512564131 ], [ -75.1543935088187425, 39.9433738246867733 ], [ -75.1543742190729489, 39.943469657661403 ] ] ] ] } },
{ "type": "Feature", "properties": { "name": null, "material": "brick", "type": "dwelling", "height": 36.0, "height2": 36, "id": 228 }, "geometry": { "type": "MultiPolygon", "coordinates": [ [ [ [ -75.1544374894391183, 39.9434808973224733 ], [ -75.1543742190729489, 39.943469657661403 ], [ -75.1544027678967126, 39.9433738246867733 ], [ -75.1544583223645617, 39.9433821065540826 ], [ -75.1544374894391183, 39.9434808973224733 ] ] ] ] } },
{ "type": "Feature", "properties": { "name": null, "material": "brick", "type": "dwelling", "height": 36.0, "height2": 36, "id": 229 }, "geometry": { "type": "MultiPolygon", "coordinates": [ [ [ [ -75.1545046177544549, 39.9434856298107874 ], [ -75.1544374894391183, 39.9434808973224733 ], [ -75.154463723493393, 39.9433744162487585 ], [ -75.1545208211409204, 39.9433850643635893 ], [ -75.1545046177544549, 39.9434856298107874 ] ] ] ] } },
{ "type": "Feature", "properties": { "name": null, "material": "wood", "type": "dwelling", "height": 12.0, "height2": 12, "id": 230 }, "geometry": { "type": "MultiPolygon", "coordinates": [ [ [ [ -75.153816359624841, 39.9431508054545574 ], [ -75.1537592619773278, 39.943141340431275 ], [ -75.1537731505942759, 39.9430886912153653 ], [ -75.1538271618824893, 39.9430957899884049 ], [ -75.153816359624841, 39.9431508054545574 ] ] ] ] } },
{ "type": "Feature", "properties": { "name": null, "material": "wood", "type": "dwelling", "height": 24.0, "height2": 24, "id": 231 }, "geometry": { "type": "MultiPolygon", "coordinates": [ [ [ [ -75.1538271618824893, 39.9430957899884049 ], [ -75.1537731505942759, 39.9430886912153653 ], [ -75.1537847244417634, 39.9430407744780211 ], [ -75.1538364209604737, 39.943050239515216 ], [ -75.1538271618824893, 39.9430957899884049 ] ] ] ] } },
{ "type": "Feature", "properties": { "name": null, "material": "wood", "type": "dwelling", "height": 24.0, "height2": 24, "id": 232 }, "geometry": { "type": "MultiPolygon", "coordinates": [ [ [ [ -75.1538364209604737, 39.943050239515216 ], [ -75.1537847244417634, 39.9430407744780211 ], [ -75.1537955623278577, 39.9429915661413162 ], [ -75.1539019114468232, 39.9430061864110399 ], [ -75.1538960439092278, 39.9430343023055769 ], [ -75.1538469032818455, 39.9430253052205799 ], [ -75.1538364209604737, 39.943050239515216 ] ] ] ] } },
{ "type": "Feature", "properties": { "name": null, "material": "wood", "type": "dwelling", "height": 24.0, "height2": 24, "id": 233 }, "geometry": { "type": "MultiPolygon", "coordinates": [ [ [ [ -75.1539019114468232, 39.9430061864110399 ], [ -75.1537955623278577, 39.9429915661413162 ], [ -75.1538028967498519, 39.9429477053133866 ], [ -75.1539114461954227, 39.942962887910852 ], [ -75.1539019114468232, 39.9430061864110399 ] ] ] ] } },
{ "type": "Feature", "properties": { "name": "Benezet Hall", "material": "brick", "type": "hall", "height": 36.0, "height2": 36, "id": 234 }, "geometry": { "type": "MultiPolygon", "coordinates": [ [ [ [ -75.1539444510944179, 39.942966261820942 ], [ -75.1538028967498519, 39.9429477053133866 ], [ -75.1538131649406438, 39.9429004705441741 ], [ -75.1539547192852098, 39.942920714020687 ], [ -75.1539642540338093, 39.9429319603939419 ], [ -75.1539613202650116, 39.9429550154533217 ], [ -75.1539481183054079, 39.9429645748659183 ], [ -75.1539444510944179, 39.942966261820942 ] ] ] ] } },
{ "type": "Feature", "properties": { "name": null, "material": "brick", "type": "dwelling", "height": 36.0, "height2": 36, "id": 235 }, "geometry": { "type": "MultiPolygon", "coordinates": [ [ [ [ -75.1539547192852098, 39.942920714020687 ], [ -75.1538131649406438, 39.9429004705441741 ], [ -75.153825633458041, 39.9428611082115879 ], [ -75.1539569196118151, 39.9428796647426267 ], [ -75.1539547192852098, 39.942920714020687 ] ] ] ] } },
{ "type": "Feature", "properties": { "name": null, "material": "brick", "type": "dwelling", "height": 36.0, "height2": 48, "id": 236 }, "geometry": { "type": "MultiPolygon", "coordinates": [ [ [ [ -75.154006793681404, 39.9428515487845459 ], [ -75.153830767553444, 39.9428279313708288 ], [ -75.1538366350910394, 39.9427745110001879 ], [ -75.1539803897621965, 39.9427964414731775 ], [ -75.1539745222246012, 39.9428234328149045 ], [ -75.1540126612189852, 39.9428290560097565 ], [ -75.154006793681404, 39.9428515487845459 ] ] ] ] } },
{ "type": "Feature", "properties": { "name": null, "material": "brick", "type": "dwelling", "height": 36.0, "height2": 36, "id": 237 }, "geometry": { "type": "MultiPolygon", "coordinates": [ [ [ [ -75.1538366350910394, 39.9427745110001879 ], [ -75.1538549711460462, 39.9427244645098654 ], [ -75.1539899245107961, 39.9427458326787459 ], [ -75.1539855238575996, 39.9427627022810583 ], [ -75.153967187802607, 39.9427593283609212 ], [ -75.1539550022344542, 39.9427925684830782 ], [ -75.1538366350910394, 39.9427745110001879 ] ] ] ] } },
{ "type": "Feature", "properties": { "name": null, "material": "brick", "type": "dwelling", "height": 36.0, "height2": 36, "id": 238 }, "geometry": { "type": "MultiPolygon", "coordinates": [ [ [ [ -75.1538549711460462, 39.9427244645098654 ], [ -75.1538659727790304, 39.9426800411900231 ], [ -75.1540419989069903, 39.942704783295774 ], [ -75.1540287969474008, 39.9427418964376173 ], [ -75.1539576530540074, 39.9427323369939131 ], [ -75.1539605868228193, 39.942726151470815 ], [ -75.1539187806174169, 39.9427182789860424 ], [ -75.1539090365988471, 39.9427330250954924 ], [ -75.1538549711460462, 39.9427244645098654 ] ] ] ] } },
{ "type": "Feature", "properties": { "name": null, "material": "brick", "type": "dwelling", "height": 36.0, "height2": 36, "id": 239 }, "geometry": { "type": "MultiPolygon", "coordinates": [ [ [ [ -75.1539967624154883, 39.9426984248879648 ], [ -75.1538659727790304, 39.9426800411900231 ], [ -75.1538725737588322, 39.9426305569516984 ], [ -75.1540060602392117, 39.9426524874708377 ], [ -75.1539967624154883, 39.9426984248879648 ] ] ] ] } },
{ "type": "Feature", "properties": { "name": "Moral Reform Retreat?", "material": "wood", "type": "dwelling", "height": 12.0, "height2": 12, "id": 240 }, "geometry": { "type": "MultiPolygon", "coordinates": [ [ [ [ -75.1538755075276299, 39.9431574497875417 ], [ -75.153816359624841, 39.9431508054545574 ], [ -75.1538364209604737, 39.943050239515216 ], [ -75.1538989776780255, 39.9430573573304812 ], [ -75.1538755075276299, 39.9431574497875417 ] ] ] ] } },
{ "type": "Feature", "properties": { "name": null, "material": "wood", "type": "dwelling/store", "height": 24.0, "height2": 24, "id": 241 }, "geometry": { "type": "MultiPolygon", "coordinates": [ [ [ [ -75.1539283153660023, 39.9431636352716524 ], [ -75.1538755075276299, 39.9431574497875417 ], [ -75.1538964001807699, 39.9430683495140357 ], [ -75.1539517855164121, 39.943078163077999 ], [ -75.1539517855164121, 39.943078163077999 ], [ -75.1539283153660023, 39.9431636352716524 ] ] ] ] } },
{ "type": "Feature", "properties": { "name": null, "material": "wood", "type": "dwelling", "height": 24.0, "height2": 24, "id": 242 }, "geometry": { "type": "MultiPolygon", "coordinates": [ [ [ [ -75.1539891910686038, 39.9431720700218236 ], [ -75.1539283153660023, 39.9431636352716524 ], [ -75.1539517855164121, 39.943078163077999 ], [ -75.1540075271235963, 39.9430849108866397 ], [ -75.1539891910686038, 39.9431720700218236 ] ] ] ] } },
{ "type": "Feature", "properties": { "name": null, "material": "wood", "type": "dwelling", "height": 24.0, "height2": 24, "id": 243 }, "geometry": { "type": "MultiPolygon", "coordinates": [ [ [ [ -75.1540603349619829, 39.9431810670875223 ], [ -75.1539891910686038, 39.9431720700218236 ], [ -75.1540317307161985, 39.9430067487290472 ], [ -75.1540559343087722, 39.9430118095908782 ], [ -75.1540544674243876, 39.9430354269411225 ], [ -75.1540647356151794, 39.9430376762121497 ], [ -75.1540559343087722, 39.9430764761257251 ], [ -75.1540383316959861, 39.9430764761257251 ], [ -75.1540339310427754, 39.9430882847907043 ], [ -75.1540786710169755, 39.9430967195501765 ], [ -75.1540603349619829, 39.9431810670875223 ] ] ] ] } },
{ "type": "Feature", "properties": { "name": null, "material": "brick", "type": "dwelling", "height": 36.0, "height2": 36, "id": 244 }, "geometry": { "type": "MultiPolygon", "coordinates": [ [ [ [ -75.1541072752627741, 39.9431878148860164 ], [ -75.1540603349619829, 39.9431810670875223 ], [ -75.1540683235351281, 39.9431443189299742 ], [ -75.1541190103379648, 39.9431501396692354 ], [ -75.1541072752627741, 39.9431878148860164 ] ] ] ] } },
{ "type": "Feature", "properties": { "name": null, "material": "brick", "type": "dwelling", "height": 36.0, "height2": 36, "id": 245 }, "geometry": { "type": "MultiPolygon", "coordinates": [ [ [ [ -75.1541190103379648, 39.9431501396692354 ], [ -75.1540683235351281, 39.9431443189299742 ], [ -75.1540786710169755, 39.9430967195501765 ], [ -75.1541285450865786, 39.943107403577315 ], [ -75.1541190103379648, 39.9431501396692354 ] ] ] ] } },
{ "type": "Feature", "properties": { "name": null, "material": "brick", "type": "dwelling", "height": 36.0, "height2": 36, "id": 246 }, "geometry": { "type": "MultiPolygon", "coordinates": [ [ [ [ -75.1541285450865786, 39.943107403577315 ], [ -75.1540786710169755, 39.9430967195501765 ], [ -75.1540896726499739, 39.9430635428236513 ], [ -75.1541351460663662, 39.9430702906337345 ], [ -75.1541285450865786, 39.943107403577315 ] ] ] ] } },
{ "type": "Feature", "properties": { "name": null, "material": "brick", "type": "dwelling", "height": 36.0, "height2": 36, "id": 247 }, "geometry": { "type": "MultiPolygon", "coordinates": [ [ [ [ -75.1541351460663662, 39.9430702906337345 ], [ -75.1540919759674466, 39.9430638846134443 ], [ -75.1541006742829722, 39.9430224936312825 ], [ -75.154143213930567, 39.9430303660810395 ], [ -75.1541351460663662, 39.9430702906337345 ] ] ] ] } },
{ "type": "Feature", "properties": { "name": null, "material": "brick", "type": "dwelling", "height": 36.0, "height2": 36, "id": 248 }, "geometry": { "type": "MultiPolygon", "coordinates": [ [ [ [ -75.154143213930567, 39.9430303660810395 ], [ -75.1541006742829722, 39.9430224936312825 ], [ -75.1541058083783753, 39.9429814444142934 ], [ -75.1541549490057577, 39.9429898791869107 ], [ -75.154143213930567, 39.9430303660810395 ] ] ] ] } },
{ "type": "Feature", "properties": { "name": null, "material": "brick", "type": "dwelling", "height": 36.0, "height2": 36, "id": 249 }, "geometry": { "type": "MultiPolygon", "coordinates": [ [ [ [ -75.1541549490057577, 39.9429898791869107 ], [ -75.1541058083783753, 39.9429814444142934 ], [ -75.1541168100113737, 39.9429409574912029 ], [ -75.1541622834277661, 39.942947142994889 ], [ -75.1541549490057577, 39.9429898791869107 ] ] ] ] } },
{ "type": "Feature", "properties": { "name": null, "material": "brick", "type": "dwelling", "height": 36.0, "height2": 36, "id": 250 }, "geometry": { "type": "MultiPolygon", "coordinates": [ [ [ [ -75.1541622834277661, 39.942947142994889 ], [ -75.1541168100113737, 39.9429409574912029 ], [ -75.1541263447599732, 39.9429015951819153 ], [ -75.1541718181763656, 39.9429066560515196 ], [ -75.1541622834277661, 39.942947142994889 ] ] ] ] } },
{ "type": "Feature", "properties": { "name": null, "material": "brick", "type": "dwelling", "height": 36.0, "height2": 36, "id": 251 }, "geometry": { "type": "MultiPolygon", "coordinates": [ [ [ [ -75.1542160431575041, 39.9432022714957498 ], [ -75.154143213930567, 39.9431917511014944 ], [ -75.1541593496589684, 39.9431113397974187 ], [ -75.1542321028788081, 39.9431226494038114 ], [ -75.1542160431575041, 39.9432022714957498 ] ] ] ] } },
{ "type": "Feature", "properties": { "name": null, "material": "brick", "type": "dwelling", "height": 36.0, "height2": 36, "id": 252 }, "geometry": { "type": "MultiPolygon", "coordinates": [ [ [ [ -75.1542074165879228, 39.9431188118799341 ], [ -75.1541593496589684, 39.9431113397974187 ], [ -75.1541696178497745, 39.9430702906337274 ], [ -75.1542150912661526, 39.9430781630779919 ], [ -75.1542074165879228, 39.9431188118799341 ] ] ] ] } },
{ "type": "Feature", "properties": { "name": null, "material": "brick", "type": "dwelling", "height": 36.0, "height2": 36, "id": 253 }, "geometry": { "type": "MultiPolygon", "coordinates": [ [ [ [ -75.1542150912661526, 39.9430781630779919 ], [ -75.1541696178497745, 39.9430702906337274 ], [ -75.1541754853873698, 39.943033739987797 ], [ -75.1542238925725457, 39.9430416124362608 ], [ -75.1542150912661526, 39.9430781630779919 ] ] ] ] } },
{ "type": "Feature", "properties": { "name": null, "material": "brick", "type": "dwelling", "height": 36.0, "height2": 36, "id": 254 }, "geometry": { "type": "MultiPolygon", "coordinates": [ [ [ [ -75.1542238925725457, 39.9430416124362608 ], [ -75.1541754853873698, 39.943033739987797 ], [ -75.1541835532515705, 39.9429910038231739 ], [ -75.1542290266679487, 39.9429966270042627 ], [ -75.1542238925725457, 39.9430416124362608 ] ] ] ] } },
{ "type": "Feature", "properties": { "name": null, "material": "brick", "type": "dwelling", "height": 36.0, "height2": 36, "id": 255 }, "geometry": { "type": "MultiPolygon", "coordinates": [ [ [ [ -75.1542363610899571, 39.942994940049978 ], [ -75.1541835532515705, 39.9429910038231739 ], [ -75.1541952883267612, 39.9429527661795802 ], [ -75.1542422286275382, 39.9429595140005844 ], [ -75.1542363610899571, 39.942994940049978 ] ] ] ] } },
{ "type": "Feature", "properties": { "name": null, "material": "brick", "type": "dwelling", "height": 36.0, "height2": 36, "id": 256 }, "geometry": { "type": "MultiPolygon", "coordinates": [ [ [ [ -75.1542422286275382, 39.9429595140005844 ], [ -75.1541952883267612, 39.9429527661795802 ], [ -75.1542033561909477, 39.9429111546019584 ], [ -75.1542502964917389, 39.9429190270645336 ], [ -75.1542422286275382, 39.9429595140005844 ] ] ] ] } },
{ "type": "Feature", "properties": { "name": null, "material": "brick", "type": "dwelling", "height": 24.0, "height2": 24, "id": 257 }, "geometry": { "type": "MultiPolygon", "coordinates": [ [ [ [ -75.1531295968104445, 39.943309837460653 ], [ -75.1530951250270505, 39.9433042143053143 ], [ -75.1531017260068523, 39.9432626029414379 ], [ -75.1530863237206574, 39.9432569797822197 ], [ -75.1530951250270505, 39.9432086205938432 ], [ -75.1531530669608401, 39.9432159307059038 ], [ -75.1531486663076294, 39.9432187422872573 ], [ -75.1531295968104445, 39.943309837460653 ] ] ] ] } },
{ "type": "Feature", "properties": { "name": null, "material": "brick", "type": "dwelling", "height": 24.0, "height2": 24, "id": 258 }, "geometry": { "type": "MultiPolygon", "coordinates": [ [ [ [ -75.1530137129428653, 39.9432957795714429 ], [ -75.1530540522638688, 39.9432997157807179 ], [ -75.1530665207812518, 39.9432569797822197 ], [ -75.1530863237206574, 39.9432569797822197 ], [ -75.1530951250270505, 39.9432086205938432 ], [ -75.153035716208862, 39.9432018727973954 ], [ -75.1530349827666555, 39.9432024351137898 ], [ -75.1530137129428653, 39.9432957795714429 ] ] ] ] } },
{ "type": "Feature", "properties": { "name": "Solomon Clarkson's House", "material": "brick", "type": "dwelling", "height": 24.0, "height2": 24, "id": 259 }, "geometry": { "type": "MultiPolygon", "coordinates": [ [ [ [ -75.1530158266676551, 39.9432865033134661 ], [ -75.1529521037980857, 39.9432789101005667 ], [ -75.1529704398530782, 39.9431923134179598 ], [ -75.1530349827666555, 39.9432024351137898 ], [ -75.1530158266676551, 39.9432865033134661 ] ] ] ] } },
{ "type": "Feature", "properties": { "name": null, "material": "brick", "type": "dwelling", "height": 24.0, "height2": 24, "id": 260 }, "geometry": { "type": "MultiPolygon", "coordinates": [ [ [ [ -75.1529521037980857, 39.9432789101005667 ], [ -75.152911031034904, 39.9432738492584889 ], [ -75.152919832341297, 39.9432322378761526 ], [ -75.1529022297284968, 39.9432288639791793 ], [ -75.1529168985724993, 39.943185003303384 ], [ -75.1529704398530782, 39.9431923134179598 ], [ -75.1529521037980857, 39.9432789101005667 ] ] ] ] } },
{ "type": "Feature", "properties": { "name": null, "material": "brick", "type": "dwelling", "height": 24.0, "height2": 24, "id": 261 }, "geometry": { "type": "MultiPolygon", "coordinates": [ [ [ [ -75.1528589566387097, 39.9431793801377779 ], [ -75.152836953372713, 39.9432659768367486 ], [ -75.1528743589249046, 39.9432693507318959 ], [ -75.1528824267891054, 39.9432288639791793 ], [ -75.1529022297284968, 39.9432288639791793 ], [ -75.1529080972661063, 39.9431855656199133 ], [ -75.1528589566387097, 39.9431793801377779 ] ] ] ] } },
{ "type": "Feature", "properties": { "name": null, "material": "brick", "type": "dwelling", "height": 24.0, "height2": 24, "id": 262 }, "geometry": { "type": "MultiPolygon", "coordinates": [ [ [ [ -75.152836953372713, 39.9432659768367486 ], [ -75.1528017481471409, 39.9432609159937186 ], [ -75.1528068822425155, 39.9432159307059038 ], [ -75.1527922133985271, 39.9432136814407457 ], [ -75.1528002812627136, 39.9431698207551946 ], [ -75.1528589566387097, 39.9431793801377779 ], [ -75.152836953372713, 39.9432659768367486 ] ] ] ] } },
{ "type": "Feature", "properties": { "name": null, "material": "brick", "type": "dwelling", "height": 24.0, "height2": 24, "id": 263 }, "geometry": { "type": "MultiPolygon", "coordinates": [ [ [ [ -75.1527269370427575, 39.9432496696745432 ], [ -75.1527606753839308, 39.9432558551503192 ], [ -75.1527702101325303, 39.9432142437570405 ], [ -75.1527922133985271, 39.9432136814407457 ], [ -75.1528002812627136, 39.9431698207551946 ], [ -75.1527423393289382, 39.9431641975883522 ], [ -75.1527269370427575, 39.9432496696745432 ] ] ] ] } },
{ "type": "Feature", "properties": { "name": null, "material": "brick", "type": "dwelling", "height": 24.0, "height2": 24, "id": 264 }, "geometry": { "type": "MultiPolygon", "coordinates": [ [ [ [ -75.1527188691785568, 39.9432513566225396 ], [ -75.1526719288777656, 39.9432451711463514 ], [ -75.1526895314905659, 39.9431552005204367 ], [ -75.1527423393289382, 39.9431641975883522 ], [ -75.1527188691785568, 39.9432513566225396 ] ] ] ] } },
{ "type": "Feature", "properties": { "name": null, "material": "brick", "type": "dwelling", "height": 24.0, "height2": 24, "id": 265 }, "geometry": { "type": "MultiPolygon", "coordinates": [ [ [ [ -75.152672429196528, 39.9432426139144212 ], [ -75.1526132535017837, 39.9432361740890798 ], [ -75.1526367236521793, 39.9431473280850469 ], [ -75.1526895314905659, 39.9431552005204367 ], [ -75.152672429196528, 39.9432426139144212 ] ] ] ] } },
{ "type": "Feature", "properties": { "name": null, "material": "brick", "type": "dwelling", "height": 24.0, "height2": 24, "id": 266 }, "geometry": { "type": "MultiPolygon", "coordinates": [ [ [ [ -75.1526132535017837, 39.9432361740890798 ], [ -75.1525736476229866, 39.9432288639791793 ], [ -75.1525824489293939, 39.9431872525694871 ], [ -75.152567046643199, 39.943185003303384 ], [ -75.1525780482761832, 39.9431394556487476 ], [ -75.1526367236521793, 39.9431473280850469 ], [ -75.1526132535017837, 39.9432361740890798 ] ] ] ] } },
{ "type": "Feature", "properties": { "name": null, "material": "brick", "type": "dwelling", "height": 24.0, "height2": 24, "id": 267 }, "geometry": { "type": "MultiPolygon", "coordinates": [ [ [ [ -75.1524959027498056, 39.9432215538685043 ], [ -75.152536242070795, 39.943226052398245 ], [ -75.1525501774726052, 39.9431855656199133 ], [ -75.152567046643199, 39.943185003303384 ], [ -75.1525780482761832, 39.9431394556487476 ], [ -75.1525208397846001, 39.9431332701624342 ], [ -75.1524959027498056, 39.9432215538685043 ] ] ] ] } },
{ "type": "Feature", "properties": { "name": null, "material": "brick", "type": "dwelling", "height": 24.0, "height2": 24, "id": 268 }, "geometry": { "type": "MultiPolygon", "coordinates": [ [ [ [ -75.1523983549372332, 39.943200185848184 ], [ -75.1523389461190447, 39.9431934380509048 ], [ -75.1523558152896385, 39.9431135890659377 ], [ -75.1524181578766246, 39.9431214615052141 ], [ -75.1523983549372332, 39.943200185848184 ] ] ] ] } },
{ "type": "Feature", "properties": { "name": null, "material": "brick", "type": "dwelling", "height": 24.0, "height2": 24, "id": 269 }, "geometry": { "type": "MultiPolygon", "coordinates": [ [ [ [ -75.1523888201886336, 39.9432581044140989 ], [ -75.1523235438328499, 39.9432491073585325 ], [ -75.1523308782548582, 39.9432136814407457 ], [ -75.1523961546106278, 39.9432232408171828 ], [ -75.1523888201886336, 39.9432581044140989 ] ] ] ] } },
{ "type": "Feature", "properties": { "name": null, "material": "brick", "type": "dwelling", "height": 24.0, "height2": 24, "id": 270 }, "geometry": { "type": "MultiPolygon", "coordinates": [ [ [ [ -75.1523800188822406, 39.9432969042026755 ], [ -75.1523184097374468, 39.9432884694679018 ], [ -75.1523235438328499, 39.9432491073585325 ], [ -75.1523888201886336, 39.9432581044140989 ], [ -75.1523800188822406, 39.9432969042026755 ] ] ] ] } },
{ "type": "Feature", "properties": { "name": null, "material": "brick", "type": "dwelling", "height": 36.0, "height2": 36, "id": 271 }, "geometry": { "type": "MultiPolygon", "coordinates": [ [ [ [ -75.1521724547396843, 39.9432254900820496 ], [ -75.1521651203176901, 39.9432682261002014 ], [ -75.1522626681302768, 39.9432805970478384 ], [ -75.1522678022256798, 39.9432581044140989 ], [ -75.1522890720494559, 39.9432592290459638 ], [ -75.1522942061448589, 39.9432406726178684 ], [ -75.1521724547396843, 39.9432254900820496 ] ] ] ] } },
{ "type": "Feature", "properties": { "name": null, "material": "brick", "type": "dwelling", "height": 36.0, "height2": 36, "id": 272 }, "geometry": { "type": "MultiPolygon", "coordinates": [ [ [ [ -75.1522942061448589, 39.9432406726178684 ], [ -75.1522978733558631, 39.9432215538685043 ], [ -75.152275136647674, 39.9432153683896161 ], [ -75.1522810041852551, 39.9431945626838285 ], [ -75.1521849232570958, 39.9431810670875009 ], [ -75.1521724547396843, 39.9432254900820496 ], [ -75.1522942061448589, 39.9432406726178684 ] ] ] ] } },
{ "type": "Feature", "properties": { "name": null, "material": "brick", "type": "dwelling", "height": 36.0, "height2": 36, "id": 273 }, "geometry": { "type": "MultiPolygon", "coordinates": [ [ [ [ -75.1521915242368976, 39.9431383310149073 ], [ -75.1521849232570958, 39.9431810670875009 ], [ -75.1522810041852551, 39.9431945626838285 ], [ -75.1522832045118747, 39.943170383071859 ], [ -75.1523103418732603, 39.9431731946550812 ], [ -75.1523184097374468, 39.9431557628372147 ], [ -75.1521915242368976, 39.9431383310149073 ] ] ] ] } },
{ "type": "Feature", "properties": { "name": null, "material": "brick", "type": "dwelling", "height": 36.0, "height2": 36, "id": 274 }, "geometry": { "type": "MultiPolygon", "coordinates": [ [ [ [ -75.1523330785814494, 39.9431557628372147 ], [ -75.1521915242368976, 39.9431383310149073 ], [ -75.1521981252166853, 39.9430944702810606 ], [ -75.1523389461190447, 39.9431119021145449 ], [ -75.1523330785814494, 39.9431557628372147 ] ] ] ] } },
{ "type": "Feature", "properties": { "name": "Mother Bethel", "material": "brick", "type": "church", "height": 60.0, "height2": 60, "id": 275 }, "geometry": { "type": "MultiPolygon", "coordinates": [ [ [ [ -75.1519032814523484, 39.9433593212077085 ], [ -75.1516517107778128, 39.9433233330315716 ], [ -75.1516876494456199, 39.9431630729549241 ], [ -75.1519414204467466, 39.943201310480994 ], [ -75.1519032814523484, 39.9433593212077085 ] ] ] ] } },
{ "type": "Feature", "properties": { "name": "\"Brick\" Wesley Methodist", "material": "brick", "type": "church", "height": 48.0, "height2": 48, "id": 276 }, "geometry": { "type": "MultiPolygon", "coordinates": [ [ [ [ -75.151397939776686, 39.9431906264685068 ], [ -75.151349532591496, 39.9431838786702968 ], [ -75.151349532591496, 39.9431940003673702 ], [ -75.1512967247531094, 39.9431861279364426 ], [ -75.1512996585219213, 39.943180504770929 ], [ -75.151251251336717, 39.9431709453885091 ], [ -75.1512871900045099, 39.9430151834985381 ], [ -75.1514346118866712, 39.943037113894384 ], [ -75.151397939776686, 39.9431906264685068 ] ] ] ] } },
{ "type": "Feature", "properties": { "name": null, "material": "brick", "type": "dwelling", "height": 36.0, "height2": 36, "id": 277 }, "geometry": { "type": "MultiPolygon", "coordinates": [ [ [ [ -75.1520169649933223, 39.9431293339435882 ], [ -75.1519641571549357, 39.943120899188159 ], [ -75.1519707581347376, 39.9430674790462632 ], [ -75.1520279666263207, 39.9430736645385096 ], [ -75.1520169649933223, 39.9431293339435882 ] ] ] ] } },
{ "type": "Feature", "properties": { "name": null, "material": "wood", "type": "dwelling", "height": 36.0, "height2": 36, "id": 278 }, "geometry": { "type": "MultiPolygon", "coordinates": [ [ [ [ -75.1520022961493339, 39.9431844409868333 ], [ -75.151909148989958, 39.9431715077051592 ], [ -75.1519150165275391, 39.9431462034513345 ], [ -75.1520096305713281, 39.9431591367377976 ], [ -75.1520022961493339, 39.9431844409868333 ] ] ] ] } },
{ "type": "Feature", "properties": { "name": null, "material": "wood", "type": "dwelling", "height": 24.0, "height2": 24, "id": 279 }, "geometry": { "type": "MultiPolygon", "coordinates": [ [ [ [ -75.151966190511871, 39.9431044437239038 ], [ -75.1519274850449506, 39.9431000934536442 ], [ -75.1519348194669448, 39.9430641051411612 ], [ -75.1519707581347376, 39.9430674790462632 ], [ -75.151966190511871, 39.9431044437239038 ] ] ] ] } },
{ "type": "Feature", "properties": { "name": null, "material": "wood", "type": "dwelling", "height": 24.0, "height2": 24, "id": 280 }, "geometry": { "type": "MultiPolygon", "coordinates": [ [ [ [ -75.1519274850449506, 39.9431000934536442 ], [ -75.1518974139147531, 39.9430961572328869 ], [ -75.1519047483367473, 39.9430590442832028 ], [ -75.1519348194669448, 39.9430641051411612 ], [ -75.1519274850449506, 39.9431000934536442 ] ] ] ] } },
{ "type": "Feature", "properties": { "name": null, "material": "wood", "type": "dwelling", "height": 24.0, "height2": 24, "id": 281 }, "geometry": { "type": "MultiPolygon", "coordinates": [ [ [ [ -75.1518915463771435, 39.9431119021145449 ], [ -75.1518570745937637, 39.943106841260132 ], [ -75.1518717434377663, 39.943050609519112 ], [ -75.1519047483367473, 39.9430590442832028 ], [ -75.1518915463771435, 39.9431119021145449 ] ] ] ] } },
{ "type": "Feature", "properties": { "name": null, "material": "wood", "type": "dwelling", "height": 24.0, "height2": 24, "id": 282 }, "geometry": { "type": "MultiPolygon", "coordinates": [ [ [ [ -75.1518613342003761, 39.9430905124323985 ], [ -75.1518277369057728, 39.9430832239345293 ], [ -75.1518380050965646, 39.9430483602485111 ], [ -75.1518707843210478, 39.9430542862112787 ], [ -75.1518613342003761, 39.9430905124323985 ] ] ] ] } },
{ "type": "Feature", "properties": { "name": null, "material": "wood", "type": "dwelling", "height": 24.0, "height2": 24, "id": 283 }, "geometry": { "type": "MultiPolygon", "coordinates": [ [ [ [ -75.1518282045659447, 39.9430816360838605 ], [ -75.1517639274343878, 39.9430736645385096 ], [ -75.1517727287407951, 39.9430388008476172 ], [ -75.1518262700213739, 39.9430483602485111 ], [ -75.1518282045659447, 39.9430816360838605 ] ] ] ] } },
{ "type": "Feature", "properties": { "name": null, "material": "wood", "type": "dwelling", "height": 24.0, "height2": 24, "id": 284 }, "geometry": { "type": "MultiPolygon", "coordinates": [ [ [ [ -75.1517639274343878, 39.9430736645385096 ], [ -75.1517096527116024, 39.9430674790462632 ], [ -75.1517177205758031, 39.943032615352223 ], [ -75.1517727287407951, 39.9430388008476172 ], [ -75.1517639274343878, 39.9430736645385096 ] ] ] ] } },
{ "type": "Feature", "properties": { "name": null, "material": "brick", "type": "dwelling", "height": 36.0, "height2": 36, "id": 285 }, "geometry": { "type": "MultiPolygon", "coordinates": [ [ [ [ -75.1516839822346014, 39.9431107774802712 ], [ -75.1516179724366253, 39.9431023427225469 ], [ -75.1516385088182233, 39.9430202443597366 ], [ -75.1517037851740071, 39.9430314907166348 ], [ -75.1516839822346014, 39.9431107774802712 ] ] ] ] } },
{ "type": "Feature", "properties": { "name": null, "material": "brick", "type": "dwelling", "height": 36.0, "height2": 36, "id": 286 }, "geometry": { "type": "MultiPolygon", "coordinates": [ [ [ [ -75.1515534295230481, 39.9430927833291989 ], [ -75.1515394941212378, 39.9431270846755808 ], [ -75.1515167574130487, 39.9431225861393315 ], [ -75.1515460951010539, 39.9430089980009981 ], [ -75.1516377059479197, 39.9430234539989399 ], [ -75.1516377059479197, 39.9430234539989399 ], [ -75.1516099045724246, 39.9430989688191644 ], [ -75.1515534295230481, 39.9430927833291989 ] ] ] ] } },
{ "type": "Feature", "properties": { "name": null, "material": "brick", "type": "store", "height": 24.0, "height2": 24, "id": 287 }, "geometry": { "type": "MultiPolygon", "coordinates": [ [ [ [ -75.1515945022862297, 39.9433643820434483 ], [ -75.1515541629652404, 39.9433604458379037 ], [ -75.1515710321358341, 39.9432974665182883 ], [ -75.1516084376880258, 39.9433036519897584 ], [ -75.1515945022862297, 39.9433643820434483 ] ] ] ] } },
{ "type": "Feature", "properties": { "name": null, "material": "brick", "type": "dwelling", "height": 24.0, "height2": 24, "id": 288 }, "geometry": { "type": "MultiPolygon", "coordinates": [ [ [ [ -75.1515079561066557, 39.9433823761230897 ], [ -75.1514573485948603, 39.9433756283437731 ], [ -75.151466883343474, 39.9433351416539537 ], [ -75.1515160239708564, 39.9433424517525069 ], [ -75.1515079561066557, 39.9433823761230897 ] ] ] ] } },
{ "type": "Feature", "properties": { "name": null, "material": "brick", "type": "dwelling", "height": 24.0, "height2": 24, "id": 289 }, "geometry": { "type": "MultiPolygon", "coordinates": [ [ [ [ -75.1515160239708564, 39.9433424517525069 ], [ -75.151466883343474, 39.9433351416539537 ], [ -75.1514749512076605, 39.9433019650430481 ], [ -75.1515240918350429, 39.9433103997761592 ], [ -75.1515160239708564, 39.9433424517525069 ] ] ] ] } },
{ "type": "Feature", "properties": { "name": null, "material": "brick", "type": "dwelling", "height": 24.0, "height2": 24, "id": 290 }, "geometry": { "type": "MultiPolygon", "coordinates": [ [ [ [ -75.1514573485948603, 39.9433756283437731 ], [ -75.1514060076408867, 39.9433671936187125 ], [ -75.1514133420628951, 39.9433396401762337 ], [ -75.1514638072159045, 39.9433482035869503 ], [ -75.1514573485948603, 39.9433756283437731 ] ] ] ] } },
{ "type": "Feature", "properties": { "name": null, "material": "brick", "type": "dwelling", "height": 24.0, "height2": 24, "id": 291 }, "geometry": { "type": "MultiPolygon", "coordinates": [ [ [ [ -75.1514133420628951, 39.9433396401762337 ], [ -75.151422143369274, 39.9433081505140919 ], [ -75.1514714839523208, 39.9433162230665815 ], [ -75.151466883343474, 39.9433351416539537 ], [ -75.1514638072159045, 39.9433482035869503 ], [ -75.1514133420628951, 39.9433396401762337 ] ] ] ] } },
{ "type": "Feature", "properties": { "name": null, "material": "brick", "type": "dwelling", "height": 24.0, "height2": 24, "id": 292 }, "geometry": { "type": "MultiPolygon", "coordinates": [ [ [ [ -75.1514714839523208, 39.9433162230665815 ], [ -75.151422143369274, 39.9433081505140919 ], [ -75.1514280109068835, 39.9432738492584889 ], [ -75.1514742177654682, 39.9432817216793339 ], [ -75.1514714839523208, 39.9433162230665815 ] ] ] ] } },
{ "type": "Feature", "properties": { "name": null, "material": "brick", "type": "dwelling", "height": 24.0, "height2": 24, "id": 293 }, "geometry": { "type": "MultiPolygon", "coordinates": [ [ [ [ -75.1514742177654682, 39.9432817216793339 ], [ -75.1514280109068835, 39.9432738492584889 ], [ -75.1514360787710842, 39.9432446088303124 ], [ -75.1514815521874766, 39.9432507943065431 ], [ -75.1514742177654682, 39.9432817216793339 ] ] ] ] } },
{ "type": "Feature", "properties": { "name": null, "material": "brick", "type": "dwelling", "height": 24.0, "height2": 24, "id": 294 }, "geometry": { "type": "MultiPolygon", "coordinates": [ [ [ [ -75.1514984213580703, 39.9431771308714048 ], [ -75.1514514810572791, 39.9431720700218165 ], [ -75.1514624826902633, 39.943133832479397 ], [ -75.1515094229910545, 39.9431394556487476 ], [ -75.1514984213580703, 39.9431771308714048 ] ] ] ] } },
{ "type": "Feature", "properties": { "name": "", "material": "brick", "type": "dwelling", "height": 24.0, "height2": 24, "id": 295 }, "geometry": { "type": "MultiPolygon", "coordinates": [ [ [ [ -75.1515094229910545, 39.9431394556487476 ], [ -75.1514624826902633, 39.943133832479397 ], [ -75.151470550554464, 39.9430882847906972 ], [ -75.1515152905286641, 39.9430984065019175 ], [ -75.1515094229910545, 39.9431394556487476 ] ] ] ] } },
{ "type": "Feature", "properties": { "name": null, "material": "brick", "type": "dwelling", "height": 24.0, "height2": 24, "id": 296 }, "geometry": { "type": "MultiPolygon", "coordinates": [ [ [ [ -75.1515152905286641, 39.9430984065019175 ], [ -75.151470550554464, 39.9430882847906972 ], [ -75.1514815521874766, 39.9430472356131716 ], [ -75.1515336914110605, 39.943057021987407 ], [ -75.1515152905286641, 39.9430984065019175 ] ] ] ] } },
{ "type": "Feature", "properties": { "name": null, "material": "brick", "type": "dwelling", "height": 24.0, "height2": 24, "id": 297 }, "geometry": { "type": "MultiPolygon", "coordinates": [ [ [ [ -75.1515336914110605, 39.943057021987407 ], [ -75.1514815521874766, 39.9430472356131716 ], [ -75.1514903534938554, 39.943002812502904 ], [ -75.1515460951010539, 39.9430089980009981 ], [ -75.1515336914110605, 39.943057021987407 ] ] ] ] } },
{ "type": "Feature", "properties": { "name": null, "material": "brick", "type": "dwelling", "height": 36.0, "height2": 36, "id": 298 }, "geometry": { "type": "MultiPolygon", "coordinates": [ [ [ [ -75.1519531555219373, 39.943432422132183 ], [ -75.151961223386138, 39.9433818138081733 ], [ -75.1518519404983607, 39.9433683182487727 ], [ -75.15184020542317, 39.9434155526950079 ], [ -75.1519531555219373, 39.943432422132183 ] ] ] ] } },
{ "type": "Feature", "properties": { "name": null, "material": "brick", "type": "dwelling", "height": 36.0, "height2": 36, "id": 299 }, "geometry": { "type": "MultiPolygon", "coordinates": [ [ [ [ -75.1520580377565039, 39.9429347719869625 ], [ -75.1519839600943271, 39.9429252125702092 ], [ -75.1520030295915262, 39.942831867607012 ], [ -75.1520705062739012, 39.9428442386335547 ], [ -75.1520580377565039, 39.9429347719869625 ] ] ] ] } },
{ "type": "Feature", "properties": { "name": null, "material": "brick", "type": "dwelling", "height": 36.0, "height2": 36, "id": 300 }, "geometry": { "type": "MultiPolygon", "coordinates": [ [ [ [ -75.1519839600943271, 39.9429252125702092 ], [ -75.1519238178339464, 39.9429179024270837 ], [ -75.1519362863513294, 39.9428656067650323 ], [ -75.1519502217531397, 39.9428656067650323 ], [ -75.1519597565017392, 39.942825119773417 ], [ -75.1520030295915262, 39.942831867607012 ], [ -75.1519927614007344, 39.9428397400787034 ], [ -75.1520018029619195, 39.9428378719482282 ], [ -75.1519839600943271, 39.9429252125702092 ] ] ] ] } },
{ "type": "Feature", "properties": { "name": null, "material": "brick", "type": "dwelling", "height": 36.0, "height2": 36, "id": 301 }, "geometry": { "type": "MultiPolygon", "coordinates": [ [ [ [ -75.1519238178339464, 39.9429179024270837 ], [ -75.1518578080359703, 39.9429094676455847 ], [ -75.1518827450707505, 39.942812186423815 ], [ -75.1519414204467324, 39.9428206212173009 ], [ -75.1519238178339464, 39.9429179024270837 ] ] ] ] } },
{ "type": "Feature", "properties": { "name": null, "material": "brick", "type": "dwelling", "height": 36.0, "height2": 36, "id": 302 }, "geometry": { "type": "MultiPolygon", "coordinates": [ [ [ [ -75.1518578080359703, 39.9429094676455847 ], [ -75.1517954654489841, 39.9428993459064188 ], [ -75.1518233362525621, 39.9427880066767074 ], [ -75.151861475246946, 39.9427947545139688 ], [ -75.1518592749203549, 39.9428223081758773 ], [ -75.1518786160400936, 39.9428282940881303 ], [ -75.1518578080359703, 39.9429094676455847 ] ] ] ] } },
{ "type": "Feature", "properties": { "name": null, "material": "brick", "type": "dwelling", "height": 36.0, "height2": 36, "id": 303 }, "geometry": { "type": "MultiPolygon", "coordinates": [ [ [ [ -75.15178813102699, 39.9428987835875233 ], [ -75.151731655977585, 39.942891473441577 ], [ -75.1517514589169906, 39.9428464879108631 ], [ -75.1517661277609932, 39.9427908182756539 ], [ -75.1518206320002236, 39.9427988097234703 ], [ -75.15178813102699, 39.9428987835875233 ] ] ] ] } },
{ "type": "Feature", "properties": { "name": null, "material": "brick", "type": "dwelling", "height": 36.0, "height2": 36, "id": 304 }, "geometry": { "type": "MultiPolygon", "coordinates": [ [ [ [ -75.151731655977585, 39.942891473441577 ], [ -75.151662712410797, 39.9428813516997465 ], [ -75.1516964507520129, 39.9427452703585999 ], [ -75.1517375235151803, 39.9427531428402602 ], [ -75.1517169871335966, 39.9428419893561681 ], [ -75.1517353231886034, 39.9428464879108631 ], [ -75.151731655977585, 39.942891473441577 ] ] ] ] } },
{ "type": "Feature", "properties": { "name": null, "material": "wood", "type": "dwelling/store", "height": 36.0, "height2": 36, "id": 305 }, "geometry": { "type": "MultiPolygon", "coordinates": [ [ [ [ -75.151662712410797, 39.9428813516997465 ], [ -75.1516003698238251, 39.9428751661901131 ], [ -75.1516150386678277, 39.9427998153914743 ], [ -75.1516539111044182, 39.9428037516292775 ], [ -75.1516663796218154, 39.9427784472394478 ], [ -75.151686757372957, 39.9427843679819219 ], [ -75.151662712410797, 39.9428813516997465 ] ] ] ] } },
{ "type": "Feature", "properties": { "name": null, "material": "wood", "type": "dwelling/store", "height": 36.0, "height2": 36, "id": 306 }, "geometry": { "type": "MultiPolygon", "coordinates": [ [ [ [ -75.1516003698238251, 39.9428751661901131 ], [ -75.1515372937946466, 39.9428661690841906 ], [ -75.1515629642716334, 39.9427542674804172 ], [ -75.1515945022862297, 39.9427615776410292 ], [ -75.1515901016330332, 39.9427947545139688 ], [ -75.1516150386678277, 39.9427998153914743 ], [ -75.1516003698238251, 39.9428751661901131 ] ] ] ] } },
{ "type": "Feature", "properties": { "name": null, "material": "brick", "type": "dwelling", "height": 36.0, "height2": 36, "id": 307 }, "geometry": { "type": "MultiPolygon", "coordinates": [ [ [ [ -75.1515372937946466, 39.9428661690841906 ], [ -75.1514661499012675, 39.942856609657845 ], [ -75.1514910869360619, 39.9427531428402602 ], [ -75.1515116233176599, 39.94275539212056 ], [ -75.1515072226644492, 39.9427829457983279 ], [ -75.1515543908881654, 39.9427916402134429 ], [ -75.1515372937946466, 39.9428661690841906 ] ] ] ] } },
{ "type": "Feature", "properties": { "name": null, "material": "brick", "type": "store", "height": 36.0, "height2": 36, "id": 308 }, "geometry": { "type": "MultiPolygon", "coordinates": [ [ [ [ -75.1514661499012675, 39.942856609657845 ], [ -75.1514001401032772, 39.9428492995073938 ], [ -75.1514214099270816, 39.9427593283609212 ], [ -75.1514873063528057, 39.942768828954172 ], [ -75.1514661499012675, 39.942856609657845 ] ] ] ] } },
{ "type": "Feature", "properties": { "name": null, "material": "brick", "type": "dwelling", "height": 36.0, "height2": 36, "id": 309 }, "geometry": { "type": "MultiPolygon", "coordinates": [ [ [ [ -75.1520771072537173, 39.9428161226609078 ], [ -75.1519729584613287, 39.9428026269899306 ], [ -75.151981759767736, 39.9427570790807493 ], [ -75.1520873754444949, 39.9427722617205134 ], [ -75.1520771072537173, 39.9428161226609078 ] ] ] ] } },
{ "type": "Feature", "properties": { "name": null, "material": "brick", "type": "dwelling", "height": 36.0, "height2": 36, "id": 310 }, "geometry": { "type": "MultiPolygon", "coordinates": [ [ [ [ -75.1520873754444949, 39.9427722617205134 ], [ -75.1519891550792636, 39.9427581421839335 ], [ -75.1519905610741148, 39.9427092818594929 ], [ -75.1520925095398979, 39.9427244645098654 ], [ -75.1520873754444949, 39.9427722617205134 ] ] ] ] } },
{ "type": "Feature", "properties": { "name": null, "material": "brick", "type": "store", "height": 12.0, "height2": 12, "id": 311 }, "geometry": { "type": "MultiPolygon", "coordinates": [ [ [ [ -75.1518218693681632, 39.9427694501208137 ], [ -75.151776395951785, 39.9427632646010551 ], [ -75.1517932651223788, 39.9426822904727388 ], [ -75.1518380050965646, 39.9426907252822403 ], [ -75.1518218693681632, 39.9427694501208137 ] ] ] ] } },
{ "type": "Feature", "properties": { "name": null, "material": "brick", "type": "dwelling", "height": 24.0, "height2": 24, "id": 312 }, "geometry": { "type": "MultiPolygon", "coordinates": [ [ [ [ -75.1514954875892442, 39.9427210905878525 ], [ -75.1514287443490758, 39.9427120934616724 ], [ -75.1514360787710842, 39.9426755426243929 ], [ -75.1515013551268538, 39.9426839774347187 ], [ -75.1514954875892442, 39.9427210905878525 ] ] ] ] } },
{ "type": "Feature", "properties": { "name": "", "material": "brick", "type": "dwelling", "height": 24.0, "height2": 24, "id": 313 }, "geometry": { "type": "MultiPolygon", "coordinates": [ [ [ [ -75.1515013551268538, 39.9426839774347187 ], [ -75.1514360787710842, 39.9426755426243929 ], [ -75.1514470804040684, 39.9426373048044852 ], [ -75.1515152905286499, 39.9426479889033814 ], [ -75.1515013551268538, 39.9426839774347187 ] ] ] ] } },
{ "type": "Feature", "properties": { "name": null, "material": "brick", "type": "dwelling", "height": 36.0, "height2": 36, "id": 314 }, "geometry": { "type": "MultiPolygon", "coordinates": [ [ [ [ -75.1521042446150886, 39.942695786167441 ], [ -75.1519949617273255, 39.9426806035107163 ], [ -75.1520022961493197, 39.9426547367544345 ], [ -75.1521057114994875, 39.9426699194169146 ], [ -75.1521042446150886, 39.942695786167441 ] ] ] ] } },
{ "type": "Feature", "properties": { "name": null, "material": "brick", "type": "dwelling", "height": 36.0, "height2": 36, "id": 315 }, "geometry": { "type": "MultiPolygon", "coordinates": [ [ [ [ -75.1521057114994875, 39.9426699194169146 ], [ -75.1520022961493197, 39.9426547367544345 ], [ -75.1520140312245104, 39.9426159366017046 ], [ -75.1521145128058947, 39.9426288699883969 ], [ -75.1521057114994875, 39.9426699194169146 ] ] ] ] } },
{ "type": "Feature", "properties": { "name": null, "material": "brick", "type": "dwelling", "height": 36.0, "height2": 36, "id": 316 }, "geometry": { "type": "MultiPolygon", "coordinates": [ [ [ [ -75.1521225806700954, 39.9426046901765019 ], [ -75.1519986289383155, 39.9425878205352518 ], [ -75.1520110974557127, 39.9425327130114738 ], [ -75.1521313819764885, 39.9425501449880826 ], [ -75.1521225806700954, 39.9426046901765019 ] ] ] ] } },
{ "type": "Feature", "properties": { "name": null, "material": "wood", "type": "dwelling/store", "height": 24.0, "height2": 24, "id": 317 }, "geometry": { "type": "MultiPolygon", "coordinates": [ [ [ [ -75.1521313819764885, 39.9425501449880826 ], [ -75.1520409343383164, 39.9425370370582087 ], [ -75.1520485030079044, 39.9424911011783905 ], [ -75.1521416501672803, 39.9425045969108155 ], [ -75.1521313819764885, 39.9425501449880826 ] ] ] ] } },
{ "type": "Feature", "properties": { "name": null, "material": "brick", "type": "dwelling", "height": 36.0, "height2": 36, "id": 318 }, "geometry": { "type": "MultiPolygon", "coordinates": [ [ [ [ -75.1521482511470822, 39.9424939127895371 ], [ -75.1520367679326995, 39.9424787300880126 ], [ -75.1520529036611151, 39.9424314949950414 ], [ -75.1521526518002929, 39.9424466777070535 ], [ -75.1521482511470822, 39.9424939127895371 ] ] ] ] } },
{ "type": "Feature", "properties": { "name": null, "material": "brick", "type": "dwelling", "height": 36.0, "height2": 36, "id": 319 }, "geometry": { "type": "MultiPolygon", "coordinates": [ [ [ [ -75.1521526518002929, 39.9424466777070535 ], [ -75.1520529036611151, 39.9424314949950414 ], [ -75.1520609715253158, 39.9423797612843785 ], [ -75.1521643868754836, 39.94239381936179 ], [ -75.1521526518002929, 39.9424466777070535 ] ] ] ] } },
{ "type": "Feature", "properties": { "name": null, "material": "brick", "type": "dwelling", "height": 36.0, "height2": 36, "id": 320 }, "geometry": { "type": "MultiPolygon", "coordinates": [ [ [ [ -75.1521643868754836, 39.94239381936179 ], [ -75.1520463026813133, 39.9423775119917082 ], [ -75.1520580377565039, 39.9423139694436458 ], [ -75.1521812560460631, 39.9423314014759825 ], [ -75.1521643868754836, 39.94239381936179 ] ] ] ] } },
{ "type": "Feature", "properties": { "name": null, "material": "brick", "type": "store", "height": 36.0, "height2": 36, "id": 321 }, "geometry": { "type": "MultiPolygon", "coordinates": [ [ [ [ -75.1518607418047679, 39.9426350555202987 ], [ -75.1517903313535811, 39.9426283076672846 ], [ -75.1518182021571874, 39.9425068461992936 ], [ -75.1518820116285582, 39.9425164056744961 ], [ -75.1518607418047679, 39.9426350555202987 ] ] ] ] } },
{ "type": "Feature", "properties": { "name": null, "material": "brick", "type": "dwelling", "height": 24.0, "height2": 24, "id": 322 }, "geometry": { "type": "MultiPolygon", "coordinates": [ [ [ [ -75.1518670539998652, 39.9425141648304631 ], [ -75.1518182021571874, 39.9425068461992936 ], [ -75.1518233362525621, 39.9424776054433082 ], [ -75.1518688096689544, 39.9424843533111869 ], [ -75.1518670539998652, 39.9425141648304631 ] ] ] ] } },
{ "type": "Feature", "properties": { "name": null, "material": "brick", "type": "dwelling", "height": 24.0, "height2": 24, "id": 323 }, "geometry": { "type": "MultiPolygon", "coordinates": [ [ [ [ -75.1518688096689544, 39.9424843533111869 ], [ -75.1518233362525621, 39.9424776054433082 ], [ -75.1518314041167628, 39.9424444284165929 ], [ -75.151878344417554, 39.9424539879005138 ], [ -75.1518688096689544, 39.9424843533111869 ] ] ] ] } },
{ "type": "Feature", "properties": { "name": null, "material": "brick", "type": "dwelling", "height": 24.0, "height2": 24, "id": 324 }, "geometry": { "type": "MultiPolygon", "coordinates": [ [ [ [ -75.151878344417554, 39.9424539879005138 ], [ -75.1518314041167628, 39.9424444284165929 ], [ -75.1518416723075688, 39.9424061904675298 ], [ -75.1518849453973559, 39.94241293834245 ], [ -75.151878344417554, 39.9424539879005138 ] ] ] ] } },
{ "type": "Feature", "properties": { "name": null, "material": "brick", "type": "dwelling", "height": 24.0, "height2": 24, "id": 325 }, "geometry": { "type": "MultiPolygon", "coordinates": [ [ [ [ -75.1518849453973559, 39.94241293834245 ], [ -75.1518416723075688, 39.9424061904675298 ], [ -75.1518475398451784, 39.9423662655273333 ], [ -75.1518915463771435, 39.942375262698981 ], [ -75.1518849453973559, 39.94241293834245 ] ] ] ] } },
{ "type": "Feature", "properties": { "name": null, "material": "brick", "type": "dwelling", "height": 24.0, "height2": 24, "id": 326 }, "geometry": { "type": "MultiPolygon", "coordinates": [ [ [ [ -75.1518915463771435, 39.942375262698981 ], [ -75.1518475398451784, 39.9423662655273333 ], [ -75.1518592749203549, 39.9423269028874159 ], [ -75.1519010811257573, 39.9423353377407366 ], [ -75.1518915463771435, 39.942375262698981 ] ] ] ] } },
{ "type": "Feature", "properties": { "name": null, "material": "brick", "type": "dwelling", "height": 24.0, "height2": 24, "id": 327 }, "geometry": { "type": "MultiPolygon", "coordinates": [ [ [ [ -75.1518996142413442, 39.9423285898581639 ], [ -75.1518592749203549, 39.9423269028874159 ], [ -75.1518658759001568, 39.9422903518443704 ], [ -75.1519091489899438, 39.9422982243783622 ], [ -75.1518996142413442, 39.9423285898581639 ] ] ] ] } },
{ "type": "Feature", "properties": { "name": "Soap Factory", "material": "brick", "type": "store", "height": 36.0, "height2": 36, "id": 328 }, "geometry": { "type": "MultiPolygon", "coordinates": [ [ [ [ -75.151780063162775, 39.9424922258228676 ], [ -75.1518086674085737, 39.9423679524971078 ], [ -75.1517257884400038, 39.9423555813844473 ], [ -75.1517089192693959, 39.9424123760195613 ], [ -75.1515820337688325, 39.94239381936179 ], [ -75.1515732324624395, 39.9424303703495696 ], [ -75.1516737140438096, 39.9424427414486942 ], [ -75.1516656461796231, 39.9424776054433082 ], [ -75.151780063162775, 39.9424922258228676 ] ] ] ] } },
{ "type": "Feature", "properties": { "name": null, "material": "brick", "type": "dwelling", "height": 24.0, "height2": 24, "id": 329 }, "geometry": { "type": "MultiPolygon", "coordinates": [ [ [ [ -75.1515475619854527, 39.9426491135452792 ], [ -75.1514470804040684, 39.9426373048044852 ], [ -75.1514522144994856, 39.9426052524978203 ], [ -75.1515497623120439, 39.9426181858865377 ], [ -75.1515475619854527, 39.9426491135452792 ] ] ] ] } },
{ "type": "Feature", "properties": { "name": null, "material": "wood", "type": "dwelling", "height": 24.0, "height2": 24, "id": 330 }, "geometry": { "type": "MultiPolygon", "coordinates": [ [ [ [ -75.1515497623120439, 39.9426181858865377 ], [ -75.1514522144994856, 39.9426052524978203 ], [ -75.1514646830168829, 39.9425670146386338 ], [ -75.1515497623120439, 39.9425776987485079 ], [ -75.1515497623120439, 39.9426181858865377 ] ] ] ] } },
{ "type": "Feature", "properties": { "name": null, "material": "wood", "type": "dwelling", "height": 24.0, "height2": 24, "id": 331 }, "geometry": { "type": "MultiPolygon", "coordinates": [ [ [ [ -75.1515497623120439, 39.9425776987485079 ], [ -75.1514580820370668, 39.9425636407088547 ], [ -75.1514742177654824, 39.9425203419286206 ], [ -75.1515607639450565, 39.9425304637238625 ], [ -75.1515497623120439, 39.9425776987485079 ] ] ] ] } },
{ "type": "Feature", "properties": { "name": null, "material": "wood", "type": "dwelling", "height": 12.0, "height2": 12, "id": 332 }, "geometry": { "type": "MultiPolygon", "coordinates": [ [ [ [ -75.1517609936655901, 39.9426018785699242 ], [ -75.1517169871336108, 39.9425962553564062 ], [ -75.151724321555605, 39.9425546435619765 ], [ -75.1517661277609932, 39.9425591421355648 ], [ -75.1517609936655901, 39.9426018785699242 ] ] ] ] } },
{ "type": "Feature", "properties": { "name": null, "material": "wood", "type": "dwelling", "height": 12.0, "height2": 12, "id": 333 }, "geometry": { "type": "MultiPolygon", "coordinates": [ [ [ [ -75.1517052520584201, 39.9425591421355648 ], [ -75.1516436429136263, 39.9425501449880898 ], [ -75.1516509773356347, 39.942533275333389 ], [ -75.1517074523850113, 39.9425388985520726 ], [ -75.1517052520584201, 39.9425591421355648 ] ] ] ] } },
{ "type": "Feature", "properties": { "name": null, "material": "wood", "type": "dwelling", "height": 24.0, "height2": 24, "id": 334 }, "geometry": { "type": "MultiPolygon", "coordinates": [ [ [ [ -75.1515328931414501, 39.9425164056745174 ], [ -75.1514712839966705, 39.9425113447760438 ], [ -75.1514778849764724, 39.94247085757479 ], [ -75.1515402275634585, 39.9424787300880269 ], [ -75.1515328931414501, 39.9425164056745174 ] ] ] ] } },
{ "type": "Feature", "properties": { "name": null, "material": "brick", "type": "dwelling", "height": 24.0, "height2": 24, "id": 335 }, "geometry": { "type": "MultiPolygon", "coordinates": [ [ [ [ -75.1514786184186647, 39.9424545502230686 ], [ -75.1514969544736715, 39.9424140629882132 ], [ -75.1515745277794309, 39.9424249910225555 ], [ -75.1515745277794309, 39.9424249910225768 ], [ -75.1515732324624395, 39.9424303703495696 ], [ -75.1515739195944406, 39.942430454947953 ], [ -75.1515702986936418, 39.9424629850606578 ], [ -75.1514786184186647, 39.9424545502230686 ] ] ] ] } },
{ "type": "Feature", "properties": { "name": null, "material": "brick", "type": "dwelling", "height": 24.0, "height2": 24, "id": 336 }, "geometry": { "type": "MultiPolygon", "coordinates": [ [ [ [ -75.1515745277794309, 39.9424249910225555 ], [ -75.1514969544736715, 39.9424140629882132 ], [ -75.151501355126868, 39.9423780743148953 ], [ -75.1515798334422414, 39.9423881961311835 ], [ -75.1515745277794309, 39.9424249910225555 ] ] ] ] } },
{ "type": "Feature", "properties": { "name": null, "material": "brick", "type": "dwelling", "height": 36.0, "height2": 36, "id": 337 }, "geometry": { "type": "MultiPolygon", "coordinates": [ [ [ [ -75.1515798334422414, 39.9423881961311835 ], [ -75.151501355126868, 39.9423780743148953 ], [ -75.1515108898754534, 39.9423257782402388 ], [ -75.1516282406274314, 39.9423426479461128 ], [ -75.1516253068586337, 39.9423634539109571 ], [ -75.1515879013064421, 39.9423612046177681 ], [ -75.1515798334422414, 39.9423881961311835 ] ] ] ] } },
{ "type": "Feature", "properties": { "name": null, "material": "brick", "type": "dwelling", "height": 36.0, "height2": 36, "id": 338 }, "geometry": { "type": "MultiPolygon", "coordinates": [ [ [ [ -75.1516282406274314, 39.9423426479461128 ], [ -75.1515108898754534, 39.9423257782402388 ], [ -75.1515226249506583, 39.9422948504353528 ], [ -75.1516319078384356, 39.9423100331776766 ], [ -75.1516282406274314, 39.9423426479461128 ] ] ] ] } },
{ "type": "Feature", "properties": { "name": null, "material": "wood", "type": "dwelling", "height": 24.0, "height2": 24, "id": 339 }, "geometry": { "type": "MultiPolygon", "coordinates": [ [ [ [ -75.1516012485790839, 39.9423057736672718 ], [ -75.1515226249506583, 39.9422948504353528 ], [ -75.1515394941212662, 39.942249302188138 ], [ -75.1516121048990442, 39.9422577370510155 ], [ -75.1516012485790839, 39.9423057736672718 ] ] ] ] } },
{ "type": "Feature", "properties": { "name": null, "material": "wood", "type": "dwelling", "height": 24.0, "height2": 24, "id": 340 }, "geometry": { "type": "MultiPolygon", "coordinates": [ [ [ [ -75.151651710777827, 39.9423100331776766 ], [ -75.1516012485790839, 39.9423057736672718 ], [ -75.1516121048990442, 39.9422577370510155 ], [ -75.1516597786420277, 39.9422639226164762 ], [ -75.151651710777827, 39.9423100331776766 ] ] ] ] } },
{ "type": "Feature", "properties": { "name": null, "material": "brick", "type": "dwelling", "height": 24.0, "height2": 24, "id": 341 }, "geometry": { "type": "MultiPolygon", "coordinates": [ [ [ [ -75.1518174687149951, 39.9423229666221857 ], [ -75.1517727287407951, 39.9423162187384051 ], [ -75.1517771293939916, 39.9422779807176909 ], [ -75.1518240696947828, 39.9422841662813113 ], [ -75.1518174687149951, 39.9423229666221857 ] ] ] ] } },
{ "type": "Feature", "properties": { "name": "Little Wesley Methodist", "material": "brick", "type": "church", "height": 36.0, "height2": 36, "id": 342 }, "geometry": { "type": "MultiPolygon", "coordinates": [ [ [ [ -75.1513436650539006, 39.9424922258228747 ], [ -75.151093561263778, 39.9424562371906759 ], [ -75.1511082301077664, 39.9423983179459654 ], [ -75.1513576004557109, 39.9424286833813511 ], [ -75.1513436650539006, 39.9424922258228747 ] ] ] ] } },
{ "type": "Feature", "properties": { "name": null, "material": "wood", "type": "dwelling/store", "height": 36.0, "height2": 36, "id": 343 }, "geometry": { "type": "MultiPolygon", "coordinates": [ [ [ [ -75.1512813224669145, 39.9428313052875694 ], [ -75.1512175129955295, 39.942825119773417 ], [ -75.1512446503569294, 39.9427289630722981 ], [ -75.1513003919641136, 39.9427368355558272 ], [ -75.1512813224669145, 39.9428313052875694 ] ] ] ] } },
{ "type": "Feature", "properties": { "name": null, "material": "wood", "type": "dwelling/store", "height": 36.0, "height2": 36, "id": 344 }, "geometry": { "type": "MultiPolygon", "coordinates": [ [ [ [ -75.1512175129955295, 39.942825119773417 ], [ -75.1511471025443569, 39.9428149980217668 ], [ -75.1511676389259407, 39.9427407717972542 ], [ -75.151209445131343, 39.9427486442794333 ], [ -75.1512050444781323, 39.9427835081181755 ], [ -75.1512160461111307, 39.9427846327578351 ], [ -75.1512175129955295, 39.942825119773417 ] ] ] ] } },
{ "type": "Feature", "properties": { "name": null, "material": "wood", "type": "dwelling/store", "height": 24.0, "height2": 24, "id": 345 }, "geometry": { "type": "MultiPolygon", "coordinates": [ [ [ [ -75.1511471025443569, 39.9428149980217668 ], [ -75.1510891606105673, 39.9428076878668605 ], [ -75.1510950281481769, 39.9427688878008595 ], [ -75.1511096969921653, 39.9427716994005806 ], [ -75.1511155645297606, 39.9427340239546709 ], [ -75.1511676389259407, 39.9427407717972542 ], [ -75.1511471025443569, 39.9428149980217668 ] ] ] ] } },
{ "type": "Feature", "properties": { "name": null, "material": "wood", "type": "dwelling/store", "height": 36.0, "height2": 36, "id": 346 }, "geometry": { "type": "MultiPolygon", "coordinates": [ [ [ [ -75.1510810927463666, 39.9428082501865021 ], [ -75.1510304852345854, 39.9428015023505765 ], [ -75.1510532219427745, 39.9427109688208191 ], [ -75.1511045628967622, 39.9427143427433293 ], [ -75.1510810927463666, 39.9428082501865021 ] ] ] ] } },
{ "type": "Feature", "properties": { "name": null, "material": "wood", "type": "dwelling/store", "height": 36.0, "height2": 36, "id": 347 }, "geometry": { "type": "MultiPolygon", "coordinates": [ [ [ [ -75.1510304852345854, 39.9428015023505765 ], [ -75.1509930796823937, 39.9427953168337169 ], [ -75.1510128826217851, 39.9427036586547999 ], [ -75.1510458875207803, 39.9427104065003817 ], [ -75.1510304852345854, 39.9428015023505765 ] ] ] ] } },
{ "type": "Feature", "properties": { "name": null, "material": "brick", "type": "store", "height": 36.0, "height2": 36, "id": 348 }, "geometry": { "type": "MultiPolygon", "coordinates": [ [ [ [ -75.1509564075724086, 39.9427902559558774 ], [ -75.150894798427629, 39.9427840704380017 ], [ -75.1509153348092127, 39.942678354227958 ], [ -75.1509769439539923, 39.9426862267173064 ], [ -75.1509564075724086, 39.9427902559558774 ] ] ] ] } },
{ "type": "Feature", "properties": { "name": null, "material": "wood", "type": "dwelling", "height": 24.0, "height2": 24, "id": 349 }, "geometry": { "type": "MultiPolygon", "coordinates": [ [ [ [ -75.1513003919641136, 39.9427368355558272 ], [ -75.1512263143019368, 39.942726151470815 ], [ -75.151233648723931, 39.942687913679201 ], [ -75.1513040591751178, 39.9426997224112483 ], [ -75.1513003919641136, 39.9427368355558272 ] ] ] ] } },
{ "type": "Feature", "properties": { "name": null, "material": "brick", "type": "dwelling", "height": 36.0, "height2": 36, "id": 350 }, "geometry": { "type": "MultiPolygon", "coordinates": [ [ [ [ -75.1513040591751178, 39.9426997224112483 ], [ -75.1511742399057425, 39.9426766672658289 ], [ -75.1511859749809474, 39.942641803372652 ], [ -75.1513128604815108, 39.9426592353214645 ], [ -75.1513040591751178, 39.9426997224112483 ] ] ] ] } },
{ "type": "Feature", "properties": { "name": null, "material": "brick", "type": "dwelling", "height": 36.0, "height2": 36, "id": 351 }, "geometry": { "type": "MultiPolygon", "coordinates": [ [ [ [ -75.1513128604815108, 39.9426592353214645 ], [ -75.1511859749809474, 39.942641803372652 ], [ -75.151191842518557, 39.9426063771404145 ], [ -75.1513238621145092, 39.9426243714193987 ], [ -75.1513128604815108, 39.9426592353214645 ] ] ] ] } },
{ "type": "Feature", "properties": { "name": null, "material": "wood", "type": "dwelling", "height": 24.0, "height2": 24, "id": 352 }, "geometry": { "type": "MultiPolygon", "coordinates": [ [ [ [ -75.1513238621145092, 39.9426243714193987 ], [ -75.1512441700558611, 39.9426135093875061 ], [ -75.1512497844523324, 39.9425788233915426 ], [ -75.1513297296521188, 39.9425872582138126 ], [ -75.1513238621145092, 39.9426243714193987 ] ] ] ] } },
{ "type": "Feature", "properties": { "name": null, "material": "wood", "type": "dwelling", "height": 24.0, "height2": 24, "id": 353 }, "geometry": { "type": "MultiPolygon", "coordinates": [ [ [ [ -75.1513297296521188, 39.9425872582138126 ], [ -75.1512571188743266, 39.9425737624976946 ], [ -75.1512622529697296, 39.9425428348048825 ], [ -75.1513333968631088, 39.9425535189185297 ], [ -75.1513297296521188, 39.9425872582138126 ] ] ] ] } },
{ "type": "Feature", "properties": { "name": null, "material": "wood", "type": "dwelling", "height": 24.0, "height2": 24, "id": 354 }, "geometry": { "type": "MultiPolygon", "coordinates": [ [ [ [ -75.1513333968631088, 39.9425535189185297 ], [ -75.1512622529697296, 39.9425428348048825 ], [ -75.1512681205073392, 39.9425034722665586 ], [ -75.1513414647273095, 39.9425113447760367 ], [ -75.1513333968631088, 39.9425535189185297 ] ] ] ] } },
{ "type": "Feature", "properties": { "name": null, "material": "brick", "type": "dwelling", "height": 24.0, "height2": 24, "id": 355 }, "geometry": { "type": "MultiPolygon", "coordinates": [ [ [ [ -75.1509769439539923, 39.9426862267173064 ], [ -75.1509153348092127, 39.942678354227958 ], [ -75.1509234026734134, 39.9426384294465677 ], [ -75.1509798777228042, 39.9426463019405134 ], [ -75.1509769439539923, 39.9426862267173064 ] ] ] ] } },
{ "type": "Feature", "properties": { "name": null, "material": "brick", "type": "dwelling", "height": 24.0, "height2": 24, "id": 356 }, "geometry": { "type": "MultiPolygon", "coordinates": [ [ [ [ -75.1509798777228042, 39.9426463019405134 ], [ -75.1509234026734134, 39.9426384294465677 ], [ -75.150932937422013, 39.9426052524978203 ], [ -75.1509930796823937, 39.942614249638055 ], [ -75.1509798777228042, 39.9426463019405134 ] ] ] ] } },
{ "type": "Feature", "properties": { "name": null, "material": "brick", "type": "dwelling", "height": 24.0, "height2": 24, "id": 357 }, "geometry": { "type": "MultiPolygon", "coordinates": [ [ [ [ -75.1509930796823937, 39.942614249638055 ], [ -75.150932937422013, 39.9426052524978203 ], [ -75.1509366046330172, 39.9425732001761347 ], [ -75.1509945465668068, 39.9425810726775907 ], [ -75.1509930796823937, 39.942614249638055 ] ] ] ] } },
{ "type": "Feature", "properties": { "name": null, "material": "brick", "type": "dwelling", "height": 24.0, "height2": 24, "id": 358 }, "geometry": { "type": "MultiPolygon", "coordinates": [ [ [ [ -75.1510774255353766, 39.9426288699883969 ], [ -75.1510260845814031, 39.9426249337405324 ], [ -75.151036352772195, 39.9425855712494382 ], [ -75.151083293072972, 39.9425917567852551 ], [ -75.1510774255353766, 39.9426288699883969 ] ] ] ] } },
{ "type": "Feature", "properties": { "name": "", "material": "brick", "type": "dwelling", "height": 24.0, "height2": 24, "id": 359 }, "geometry": { "type": "MultiPolygon", "coordinates": [ [ [ [ -75.151122898951769, 39.9426328062360483 ], [ -75.1510774255353766, 39.9426288699883969 ], [ -75.151083293072972, 39.9425917567852551 ], [ -75.1511272996049655, 39.9425968176777815 ], [ -75.151122898951769, 39.9426328062360483 ] ] ] ] } },
{ "type": "Feature", "properties": { "name": null, "material": "brick", "type": "dwelling", "height": 24.0, "height2": 24, "id": 360 }, "geometry": { "type": "MultiPolygon", "coordinates": [ [ [ [ -75.1511272996049655, 39.9425968176777815 ], [ -75.151036352772195, 39.9425855712494382 ], [ -75.1510532219427745, 39.9425495826663308 ], [ -75.1511324337003686, 39.9425636407088547 ], [ -75.1511272996049655, 39.9425968176777815 ] ] ] ] } },
{ "type": "Feature", "properties": { "name": null, "material": "brick", "type": "dwelling", "height": 24.0, "height2": 24, "id": 361 }, "geometry": { "type": "MultiPolygon", "coordinates": [ [ [ [ -75.1511625048305518, 39.942564203030507 ], [ -75.1510532219427745, 39.9425495826663308 ], [ -75.1510583560381917, 39.9425164056745103 ], [ -75.1511683723681472, 39.9425321506895799 ], [ -75.1511625048305518, 39.942564203030507 ] ] ] ] } },
{ "type": "Feature", "properties": { "name": null, "material": "wood", "type": "dwelling", "height": 24.0, "height2": 24, "id": 362 }, "geometry": { "type": "MultiPolygon", "coordinates": [ [ [ [ -75.1511055301937034, 39.9425231570162254 ], [ -75.1510495547317845, 39.9425135940642946 ], [ -75.1510627566913882, 39.9424545502230686 ], [ -75.1511169870031921, 39.9424596080333174 ], [ -75.1511055301937603, 39.9425231570162396 ], [ -75.1511055301937034, 39.9425231570162254 ] ] ] ] } },
{ "type": "Feature", "properties": { "name": null, "material": "brick", "type": "store", "height": 24.0, "height2": 24, "id": 363 }, "geometry": { "type": "MultiPolygon", "coordinates": [ [ [ [ -75.1509945465668068, 39.9425810726775907 ], [ -75.1509219357890146, 39.9425692639250656 ], [ -75.1509307370954076, 39.9425180926405829 ], [ -75.1510070150841898, 39.9425276521142223 ], [ -75.1509945465668068, 39.9425810726775907 ] ] ] ] } },
{ "type": "Feature", "properties": { "name": null, "material": "brick", "type": "store", "height": 24.0, "height2": 24, "id": 364 }, "geometry": { "type": "MultiPolygon", "coordinates": [ [ [ [ -75.1510070150841898, 39.9425276521142223 ], [ -75.1509175351358323, 39.9425147187083951 ], [ -75.1509256030000188, 39.9424736691867537 ], [ -75.151015816390597, 39.9424843533112011 ], [ -75.1510070150841898, 39.9425276521142223 ] ] ] ] } },
{ "type": "Feature", "properties": { "name": null, "material": "brick", "type": "dwelling", "height": 24.0, "height2": 24, "id": 365 }, "geometry": { "type": "MultiPolygon", "coordinates": [ [ [ [ -75.151015816390597, 39.9424843533112011 ], [ -75.1509256030000188, 39.9424736691867537 ], [ -75.1509366046330172, 39.9424343066086394 ], [ -75.1510216839281924, 39.9424444284166071 ], [ -75.151015816390597, 39.9424843533112011 ] ] ] ] } },
{ "type": "Feature", "properties": { "name": null, "material": "brick", "type": "dwelling", "height": 24.0, "height2": 24, "id": 366 }, "geometry": { "type": "MultiPolygon", "coordinates": [ [ [ [ -75.1510216839281924, 39.9424444284166071 ], [ -75.1509366046330172, 39.9424343066086394 ], [ -75.1509454059394102, 39.94239381936179 ], [ -75.1510312186767919, 39.9424028165298353 ], [ -75.1510216839281924, 39.9424444284166071 ] ] ] ] } },
{ "type": "Feature", "properties": { "name": null, "material": "brick", "type": "dwelling", "height": 36.0, "height2": 36, "id": 367 }, "geometry": { "type": "MultiPolygon", "coordinates": [ [ [ [ -75.1544255891775066, 39.9432311132438755 ], [ -75.1543603304559724, 39.9432194268342045 ], [ -75.1543811034757994, 39.9431125530219759 ], [ -75.1544490593279022, 39.9431220238223048 ], [ -75.1544255891775066, 39.9432311132438755 ] ] ] ] } },
{ "type": "Feature", "properties": { "name": null, "material": "brick", "type": "dwelling", "height": 36.0, "height2": 36, "id": 368 }, "geometry": { "type": "MultiPolygon", "coordinates": [ [ [ [ -75.1544959996286934, 39.9432378610374315 ], [ -75.1544255891775066, 39.9432311132438755 ], [ -75.1544425622366106, 39.9431522223650504 ], [ -75.1545121353570948, 39.9431641975883807 ], [ -75.1544959996286934, 39.9432378610374315 ] ] ] ] } },
{ "type": "Feature", "properties": { "name": null, "material": "brick", "type": "dwelling", "height": 36.0, "height2": 36, "id": 369 }, "geometry": { "type": "MultiPolygon", "coordinates": [ [ [ [ -75.1545605425422707, 39.9432474204105148 ], [ -75.1544959996286934, 39.9432378610374315 ], [ -75.1545121353570948, 39.9431641975883807 ], [ -75.1545744779440668, 39.9431709453885375 ], [ -75.1545605425422707, 39.9432474204105148 ] ] ] ] } },
{ "type": "Feature", "properties": { "name": null, "material": "brick", "type": "dwelling", "height": 36.0, "height2": 36, "id": 370 }, "geometry": { "type": "MultiPolygon", "coordinates": [ [ [ [ -75.1546368205310671, 39.9432586667300598 ], [ -75.1545605425422707, 39.9432474204105148 ], [ -75.154583279250474, 39.9431675714885444 ], [ -75.1545913471146605, 39.9431304585775919 ], [ -75.154630219551251, 39.9431338324794254 ], [ -75.1546221516870503, 39.9431737569717455 ], [ -75.1546331533200629, 39.943178255504634 ], [ -75.1546221516870503, 39.9432187422872929 ], [ -75.1546412211842636, 39.9432226785009874 ], [ -75.1546368205310671, 39.9432586667300598 ] ] ] ] } },
{ "type": "Feature", "properties": { "name": null, "material": "wood", "type": "dwelling", "height": 24.0, "height2": 24, "id": 371 }, "geometry": { "type": "MultiPolygon", "coordinates": [ [ [ [ -75.154704297213442, 39.9432699130477573 ], [ -75.1546448883952536, 39.9432586667300598 ], [ -75.1546566234704585, 39.9432181799710264 ], [ -75.1546617575658473, 39.9432198669197973 ], [ -75.1546734926410522, 39.9431760062382182 ], [ -75.1547218998262281, 39.9431872525695084 ], [ -75.154704297213442, 39.9432699130477573 ] ] ] ] } },
{ "type": "Feature", "properties": { "name": null, "material": "brick", "type": "dwelling", "height": 36.0, "height2": 36, "id": 372 }, "geometry": { "type": "MultiPolygon", "coordinates": [ [ [ [ -75.1546206848026657, 39.9434841550469528 ], [ -75.1545510077936854, 39.9434768449635413 ], [ -75.1545671435220868, 39.9433902485314576 ], [ -75.1546324198778564, 39.9434014948275404 ], [ -75.1546206848026657, 39.9434841550469528 ] ] ] ] } },
{ "type": "Feature", "properties": { "name": null, "material": "brick", "type": "dwelling", "height": 36.0, "height2": 36, "id": 373 }, "geometry": { "type": "MultiPolygon", "coordinates": [ [ [ [ -75.1546734926410522, 39.9434931520716106 ], [ -75.1546206848026657, 39.9434841550469528 ], [ -75.1546448883952536, 39.9433975586241203 ], [ -75.1546918286960306, 39.9434088049189953 ], [ -75.1546734926410522, 39.9434931520716106 ] ] ] ] } },
{ "type": "Feature", "properties": { "name": null, "material": "brick", "type": "dwelling", "height": 36.0, "height2": 36, "id": 374 }, "geometry": { "type": "MultiPolygon", "coordinates": [ [ [ [ -75.1547402358812349, 39.9435060852924906 ], [ -75.1546742260832588, 39.943499899839324 ], [ -75.1546918286960306, 39.9434088049189953 ], [ -75.1547556381674298, 39.9434172396389329 ], [ -75.1547402358812349, 39.9435060852924906 ] ] ] ] } },
{ "type": "Feature", "properties": { "name": null, "material": "brick", "type": "store", "height": 24.0, "height2": 24, "id": 375 }, "geometry": { "type": "MultiPolygon", "coordinates": [ [ [ [ -75.1526462584007788, 39.9436033655276503 ], [ -75.1526022518687853, 39.9435999916489806 ], [ -75.1526139869439902, 39.9435381371771498 ], [ -75.1526565265915707, 39.9435471341947093 ], [ -75.1526462584007788, 39.9436033655276503 ] ] ] ] } },
{ "type": "Feature", "properties": { "name": null, "material": "brick", "type": "store", "height": 24.0, "height2": 24, "id": 376 }, "geometry": { "type": "MultiPolygon", "coordinates": [ [ [ [ -75.1527518740775378, 39.9437113295573596 ], [ -75.1526594603603684, 39.9436989586875981 ], [ -75.1526946655859547, 39.9435482588218136 ], [ -75.1527826786499276, 39.9435572558380443 ], [ -75.1527518740775378, 39.9437113295573596 ] ] ] ] } },
{ "type": "Feature", "properties": { "name": null, "material": "brick", "type": "store", "height": 24.0, "height2": 24, "id": 377 }, "geometry": { "type": "MultiPolygon", "coordinates": [ [ [ [ -75.1528457546791202, 39.9436112379105808 ], [ -75.1527929468407194, 39.9436056147800045 ], [ -75.1528017481471409, 39.9435628789725925 ], [ -75.1528501553323309, 39.943569626733435 ], [ -75.1528457546791202, 39.9436112379105808 ] ] ] ] } },
{ "type": "Feature", "properties": { "name": null, "material": "brick", "type": "store", "height": 36.0, "height2": 36, "id": 378 }, "geometry": { "type": "MultiPolygon", "coordinates": [ [ [ [ -75.1530408503042651, 39.943736071290175 ], [ -75.152983641812682, 39.9437270742974562 ], [ -75.1530159132694848, 39.9435909946383774 ], [ -75.1530672542234583, 39.9435954931438175 ], [ -75.1530408503042651, 39.943736071290175 ] ] ] ] } },
{ "type": "Feature", "properties": { "name": null, "material": "brick", "type": "store", "height": 24.0, "height2": 24, "id": 379 }, "geometry": { "type": "MultiPolygon", "coordinates": [ [ [ [ -75.1531068601022554, 39.9436483505607356 ], [ -75.1530582663949218, 39.9436433456282245 ], [ -75.1530672542234583, 39.9435954931438175 ], [ -75.1531141945242496, 39.9436022409014484 ], [ -75.1531068601022554, 39.9436483505607356 ] ] ] ] } },
{ "type": "Feature", "properties": { "name": null, "material": "brick", "type": "store", "height": 24.0, "height2": 24, "id": 380 }, "geometry": { "type": "MultiPolygon", "coordinates": [ [ [ [ -75.1531714030158327, 39.9436595968143848 ], [ -75.1531068601022554, 39.9436483505607356 ], [ -75.1531332640214487, 39.9436033655276503 ], [ -75.1531831380910376, 39.9436101132844996 ], [ -75.1531714030158327, 39.9436595968143848 ] ] ] ] } },
{ "type": "Feature", "properties": { "name": null, "material": "brick", "type": "dwelling", "height": 36.0, "height2": 36, "id": 381 }, "geometry": { "type": "MultiPolygon", "coordinates": [ [ [ [ -75.1535029188901404, 39.9437068310595222 ], [ -75.1533752999473847, 39.9436922109395169 ], [ -75.1532594160798197, 39.9436787154413437 ], [ -75.1532770186926058, 39.9436505998116118 ], [ -75.1533767668317836, 39.943662970690113 ], [ -75.1533797006005813, 39.9436505998116118 ], [ -75.1535043857745535, 39.9436674691908422 ], [ -75.1535029188901404, 39.9437068310595222 ] ] ] ] } },
{ "type": "Feature", "properties": { "name": null, "material": "brick", "type": "dwelling", "height": 24.0, "height2": 24, "id": 382 }, "geometry": { "type": "MultiPolygon", "coordinates": [ [ [ [ -75.1529807080438843, 39.9436179856666485 ], [ -75.1529323008586942, 39.943613487162672 ], [ -75.1529352346275061, 39.9435819976265734 ], [ -75.1529807080438843, 39.9435864961326246 ], [ -75.1529807080438843, 39.9436179856666485 ] ] ] ] } },
{ "type": "Feature", "properties": { "name": null, "material": "brick", "type": "dwelling", "height": 24.0, "height2": 24, "id": 383 }, "geometry": { "type": "MultiPolygon", "coordinates": [ [ [ [ -75.1529323008586942, 39.943613487162672 ], [ -75.1528838936735042, 39.9436089886584043 ], [ -75.1528882943267149, 39.9435741252402892 ], [ -75.1529352346275061, 39.9435819976265734 ], [ -75.1529323008586942, 39.943613487162672 ] ] ] ] } },
{ "type": "Feature", "properties": { "name": null, "material": "brick", "type": "dwelling", "height": 24.0, "height2": 24, "id": 384 }, "geometry": { "type": "MultiPolygon", "coordinates": [ [ [ [ -75.1529777742750866, 39.943655098313144 ], [ -75.1529264333210989, 39.9436505998116118 ], [ -75.1529323008586942, 39.943613487162672 ], [ -75.1529807080438843, 39.9436179856666485 ], [ -75.1529777742750866, 39.943655098313144 ] ] ] ] } },
{ "type": "Feature", "properties": { "name": null, "material": "brick", "type": "dwelling", "height": 24.0, "height2": 24, "id": 385 }, "geometry": { "type": "MultiPolygon", "coordinates": [ [ [ [ -75.1529264333210989, 39.9436505998116118 ], [ -75.1528736254827123, 39.9436461013097812 ], [ -75.1528838936735042, 39.9436089886584043 ], [ -75.1529323008586942, 39.943613487162672 ], [ -75.1529264333210989, 39.9436505998116118 ] ] ] ] } },
{ "type": "Feature", "properties": { "name": null, "material": "brick", "type": "dwelling", "height": 24.0, "height2": 24, "id": 386 }, "geometry": { "type": "MultiPolygon", "coordinates": [ [ [ [ -75.152914698245894, 39.9436944601889437 ], [ -75.1528677579451028, 39.9436877124404148 ], [ -75.1528736254827123, 39.9436461013097812 ], [ -75.1529264333210989, 39.9436505998116118 ], [ -75.152914698245894, 39.9436944601889437 ] ] ] ] } },
{ "type": "Feature", "properties": { "name": null, "material": "brick", "type": "dwelling", "height": 24.0, "height2": 24, "id": 387 }, "geometry": { "type": "MultiPolygon", "coordinates": [ [ [ [ -75.1529044300551021, 39.9437338220421054 ], [ -75.1528618904075074, 39.9437259496732864 ], [ -75.1528677579451028, 39.9436877124404148 ], [ -75.152914698245894, 39.9436944601889437 ], [ -75.1529044300551021, 39.9437338220421054 ] ] ] ] } },
{ "type": "Feature", "properties": { "name": null, "material": "brick", "type": "dwelling", "height": 24.0, "height2": 24, "id": 388 }, "geometry": { "type": "MultiPolygon", "coordinates": [ [ [ [ -75.1525883164670034, 39.9436444143715192 ], [ -75.1525333083020257, 39.9436376666180593 ], [ -75.1525406427240199, 39.9436033655276574 ], [ -75.1525963843312041, 39.943609550971459 ], [ -75.1525883164670034, 39.9436444143715192 ] ] ] ] } },
{ "type": "Feature", "properties": { "name": null, "material": "brick", "type": "dwelling", "height": 24.0, "height2": 24, "id": 389 }, "geometry": { "type": "MultiPolygon", "coordinates": [ [ [ [ -75.152554578125816, 39.9437214511764083 ], [ -75.1525604456634255, 39.9437225758006633 ], [ -75.1526125200596056, 39.9437265119853748 ], [ -75.1526242551347963, 39.9436787154413508 ], [ -75.1525743810652216, 39.943672530003802 ], [ -75.152554578125816, 39.9437214511764083 ] ] ] ] } },
{ "type": "Feature", "properties": { "name": null, "material": "brick", "type": "dwelling", "height": 24.0, "height2": 24, "id": 390 }, "geometry": { "type": "MultiPolygon", "coordinates": [ [ [ [ -75.1526037187531983, 39.9437810562359985 ], [ -75.1525501774726195, 39.9437731838726151 ], [ -75.1525604456634255, 39.9437225758006633 ], [ -75.1526087346909293, 39.9437262258580006 ], [ -75.1526037187531983, 39.9437810562359985 ] ] ] ] } },
{ "type": "Feature", "properties": { "name": "Steam Drying", "material": "brick", "type": "dwelling", "height": 36.0, "height2": 36, "id": 391 }, "geometry": { "type": "MultiPolygon", "coordinates": [ [ [ [ -75.1524467621224659, 39.9439070139269674 ], [ -75.1524951693076417, 39.9436342927410806 ], [ -75.1525398303309373, 39.9436384666637494 ], [ -75.1525398303309515, 39.9436384666637494 ], [ -75.1524995699608525, 39.9438237919071497 ], [ -75.1525237735534404, 39.9438299773310206 ], [ -75.152512771920442, 39.9439171355170757 ], [ -75.1524467621224659, 39.9439070139269674 ] ] ] ] } },
{ "type": "Feature", "properties": { "name": null, "material": "brick", "type": "store", "height": 36.0, "height2": 36, "id": 392 }, "geometry": { "type": "MultiPolygon", "coordinates": [ [ [ [ -75.1527760776701825, 39.9439497495194402 ], [ -75.1527203360629983, 39.9439430017960788 ], [ -75.1527724104591783, 39.9436770285038918 ], [ -75.1528303523929679, 39.943687712440429 ], [ -75.1527760776701825, 39.9439497495194402 ] ] ] ] } },
{ "type": "Feature", "properties": { "name": "Amelia Shadd's Boarding House", "material": "brick", "type": "dwelling", "height": 36.0, "height2": 36, "id": 393 }, "geometry": { "type": "MultiPolygon", "coordinates": [ [ [ [ -75.1524005552638812, 39.9439002661994067 ], [ -75.1523616828272907, 39.9438963300246854 ], [ -75.1523785519978844, 39.9437984878945613 ], [ -75.1524159575500761, 39.943805235632162 ], [ -75.1524005552638812, 39.9439002661994067 ] ] ] ] } },
{ "type": "Feature", "properties": { "name": "Dr. James Bias' House", "material": "brick", "type": "dwelling", "height": 36.0, "height2": 36, "id": 394 }, "geometry": { "type": "MultiPolygon", "coordinates": [ [ [ [ -75.1522993402402903, 39.9438867707422745 ], [ -75.1522355307689196, 39.94388002301271 ], [ -75.1522472658441245, 39.9437968009600581 ], [ -75.1523118087577018, 39.9438069225664663 ], [ -75.1522993402402903, 39.9438867707422745 ] ] ] ] } },
{ "type": "Feature", "properties": { "name": null, "material": "brick", "type": "dwelling", "height": 36.0, "height2": 36, "id": 395 }, "geometry": { "type": "MultiPolygon", "coordinates": [ [ [ [ -75.1521167131325427, 39.9438620290639577 ], [ -75.1520485030079612, 39.9438535943988455 ], [ -75.1520580377565608, 39.9437698100023226 ], [ -75.1521321154187376, 39.9437765577427513 ], [ -75.1521167131325427, 39.9438620290639577 ] ] ] ] } },
{ "type": "Feature", "properties": { "name": "", "material": "brick", "type": "dwelling", "height": 36.0, "height2": 36, "id": 396 }, "geometry": { "type": "MultiPolygon", "coordinates": [ [ [ [ -75.1521753885085246, 39.9438710260389271 ], [ -75.1521167131325427, 39.9438620290639577 ], [ -75.1521321154187376, 39.9437765577427513 ], [ -75.1521885904681284, 39.9437833054825262 ], [ -75.1521753885085246, 39.9438710260389271 ] ] ] ] } },
{ "type": "Feature", "properties": { "name": null, "material": "brick", "type": "dwelling", "height": 36.0, "height2": 36, "id": 397 }, "geometry": { "type": "MultiPolygon", "coordinates": [ [ [ [ -75.1522259960203201, 39.9438788983910555 ], [ -75.1521753885085246, 39.9438710260389271 ], [ -75.1521874886987433, 39.9437906262047875 ], [ -75.1522472658441245, 39.9437968009600581 ], [ -75.1522259960203201, 39.9438788983910555 ] ] ] ] } },
{ "type": "Feature", "properties": { "name": null, "material": "brick", "type": "dwelling", "height": 36.0, "height2": 36, "id": 398 }, "geometry": { "type": "MultiPolygon", "coordinates": [ [ [ [ -75.1522186615983259, 39.9437535029601989 ], [ -75.1522252625781277, 39.9437107672451432 ], [ -75.1520756403693611, 39.9436944601889508 ], [ -75.1520631718519496, 39.9437349466661473 ], [ -75.1522186615983259, 39.9437535029601989 ] ] ] ] } },
{ "type": "Feature", "properties": { "name": null, "material": "brick", "type": "dwelling", "height": 36.0, "height2": 36, "id": 399 }, "geometry": { "type": "MultiPolygon", "coordinates": [ [ [ [ -75.1522993402402903, 39.9438867707422745 ], [ -75.1523118087577018, 39.9438069225664663 ], [ -75.1523352789080832, 39.943814794925963 ], [ -75.1523411464456927, 39.9437984878945613 ], [ -75.1523382126768809, 39.9437968009600581 ], [ -75.1523440802144904, 39.9437658738200909 ], [ -75.1523602159428776, 39.9437664361318596 ], [ -75.1523646165960884, 39.9437298858578202 ], [ -75.1523888201886763, 39.9437326974180422 ], [ -75.1523621537731401, 39.9438935985143786 ], [ -75.1523621537731401, 39.9438935985144212 ], [ -75.1522993402402903, 39.9438867707422745 ] ] ] ] } },
{ "type": "Feature", "properties": { "name": null, "material": "brick", "type": "dwelling", "height": 36.0, "height2": 36, "id": 400 }, "geometry": { "type": "MultiPolygon", "coordinates": [ [ [ [ -75.1524467621224659, 39.9439070139269674 ], [ -75.1524005552638812, 39.9439002661994067 ], [ -75.1524218250876572, 39.9437956763370323 ], [ -75.1524647390592264, 39.9438057338101302 ], [ -75.1524467621224659, 39.9439070139269674 ] ] ] ] } },
{ "type": "Feature", "properties": { "name": null, "material": "brick", "type": "dwelling", "height": 36.0, "height2": 36, "id": 401 }, "geometry": { "type": "MultiPolygon", "coordinates": [ [ [ [ -75.152561179105632, 39.943924445553435 ], [ -75.152512771920442, 39.9439171355170757 ], [ -75.1525340417442322, 39.943820418039337 ], [ -75.1525765813918269, 39.9438260411522563 ], [ -75.152561179105632, 39.943924445553435 ] ] ] ] } },
{ "type": "Feature", "properties": { "name": null, "material": "brick", "type": "dwelling", "height": 36.0, "height2": 36, "id": 402 }, "geometry": { "type": "MultiPolygon", "coordinates": [ [ [ [ -75.1526103197330144, 39.9439283817265363 ], [ -75.152561179105632, 39.943924445553435 ], [ -75.1525839158138353, 39.9438294150197848 ], [ -75.1526242551348105, 39.9438378496878741 ], [ -75.1526103197330144, 39.9439283817265363 ] ] ] ] } },
{ "type": "Feature", "properties": { "name": null, "material": "brick", "type": "dwelling", "height": 36.0, "height2": 36, "id": 403 }, "geometry": { "type": "MultiPolygon", "coordinates": [ [ [ [ -75.1527203360629983, 39.9439430017960788 ], [ -75.1526103197330144, 39.9439283817265363 ], [ -75.152654326265008, 39.9437107672451432 ], [ -75.1527078675456011, 39.9437197642400008 ], [ -75.1526821970686143, 39.9438327888871427 ], [ -75.1527409655090537, 39.9438376357112261 ], [ -75.1527203360629983, 39.9439430017960788 ] ] ] ] } },
{ "type": "Feature", "properties": { "name": null, "material": "brick", "type": "dwelling", "height": 36.0, "height2": 36, "id": 404 }, "geometry": { "type": "MultiPolygon", "coordinates": [ [ [ [ -75.1528156835489654, 39.9439542480012975 ], [ -75.1527878127453732, 39.9439519987604044 ], [ -75.1528112828957688, 39.9438243542184281 ], [ -75.1528391536993468, 39.9438277280860419 ], [ -75.1528156835489654, 39.9439542480012975 ] ] ] ] } },
{ "type": "Feature", "properties": { "name": null, "material": "brick", "type": "dwelling", "height": 36.0, "height2": 36, "id": 405 }, "geometry": { "type": "MultiPolygon", "coordinates": [ [ [ [ -75.1528589566387524, 39.9439604334133875 ], [ -75.1528156835489654, 39.9439542480012975 ], [ -75.1528391536993468, 39.9438277280860419 ], [ -75.1528787595781438, 39.9438327888871427 ], [ -75.1528589566387524, 39.9439604334133875 ] ] ] ] } },
{ "type": "Feature", "properties": { "name": null, "material": "brick", "type": "dwelling", "height": 24.0, "height2": 24, "id": 406 }, "geometry": { "type": "MultiPolygon", "coordinates": [ [ [ [ -75.1528853605579457, 39.9438142326145993 ], [ -75.1528406205837598, 39.9438086095007137 ], [ -75.152847955005754, 39.9437692476905823 ], [ -75.1528941618643387, 39.9437743084960175 ], [ -75.1528853605579457, 39.9438142326145993 ] ] ] ] } },
{ "type": "Feature", "properties": { "name": null, "material": "brick", "type": "dwelling", "height": 24.0, "height2": 24, "id": 407 }, "geometry": { "type": "MultiPolygon", "coordinates": [ [ [ [ -75.1528941618643387, 39.9437743084960175 ], [ -75.152847955005754, 39.9437692476905823 ], [ -75.1528618904075074, 39.9437259496732864 ], [ -75.1529044300551021, 39.9437338220421054 ], [ -75.1528941618643387, 39.9437743084960175 ] ] ] ] } },
{ "type": "Feature", "properties": { "name": null, "material": "brick", "type": "dwelling", "height": 36.0, "height2": 36, "id": 408 }, "geometry": { "type": "MultiPolygon", "coordinates": [ [ [ [ -75.1528589566387524, 39.9439604334133875 ], [ -75.1528958643227298, 39.9437675958737515 ], [ -75.1528958643227298, 39.9437675958737159 ], [ -75.1529433024917353, 39.9437743084960175 ], [ -75.1529308339743238, 39.943819855728016 ], [ -75.1529183654569408, 39.943820418039337 ], [ -75.1529132313615378, 39.9438502205325179 ], [ -75.1529462362605187, 39.9438558436429858 ], [ -75.152920565783532, 39.9439666188249021 ], [ -75.1528589566387524, 39.9439604334133875 ] ] ] ] } },
{ "type": "Feature", "properties": { "name": null, "material": "brick", "type": "store", "height": 36.0, "height2": 36, "id": 409 }, "geometry": { "type": "MultiPolygon", "coordinates": [ [ [ [ -75.1529865755815223, 39.9439744911660313 ], [ -75.152920565783532, 39.9439666188249021 ], [ -75.1529462362605187, 39.9438558436429858 ], [ -75.1529799746017204, 39.9438586551980421 ], [ -75.1529917096769111, 39.9438271657747777 ], [ -75.1529726401797262, 39.943820980350651 ], [ -75.1529858421393158, 39.9437540652720529 ], [ -75.1530313155556939, 39.9437585637667851 ], [ -75.1529865755815223, 39.9439744911660313 ] ] ] ] } },
{ "type": "Feature", "properties": { "name": null, "material": "brick", "type": "dwelling", "height": 36.0, "height2": 36, "id": 410 }, "geometry": { "type": "MultiPolygon", "coordinates": [ [ [ [ -75.1530474512840954, 39.943977865026234 ], [ -75.1529865755815223, 39.9439744911660313 ], [ -75.1530217808070944, 39.9438524697767576 ], [ -75.1530709214345052, 39.9438580928870408 ], [ -75.1530474512840954, 39.943977865026234 ] ] ] ] } },
{ "type": "Feature", "properties": { "name": null, "material": "brick", "type": "dwelling", "height": 36.0, "height2": 36, "id": 411 }, "geometry": { "type": "MultiPolygon", "coordinates": [ [ [ [ -75.153110527313288, 39.9439857373660701 ], [ -75.1530474512840954, 39.943977865026234 ], [ -75.1530782558564994, 39.9438603421310177 ], [ -75.1531325305792848, 39.9438654029297098 ], [ -75.153110527313288, 39.9439857373660701 ] ] ] ] } },
{ "type": "Feature", "properties": { "name": null, "material": "brick", "type": "dwelling", "height": 36.0, "height2": 36, "id": 412 }, "geometry": { "type": "MultiPolygon", "coordinates": [ [ [ [ -75.1531728699002599, 39.9439952966346468 ], [ -75.153110527313288, 39.9439857373660701 ], [ -75.1531325305792848, 39.9438654029297098 ], [ -75.1531978069350544, 39.9438738375933653 ], [ -75.1531728699002599, 39.9439952966346468 ] ] ] ] } },
{ "type": "Feature", "properties": { "name": null, "material": "brick", "type": "store", "height": 36.0, "height2": 36, "id": 413 }, "geometry": { "type": "MultiPolygon", "coordinates": [ [ [ [ -75.1532968216320398, 39.9440161020969455 ], [ -75.1532366793716449, 39.9440065428312678 ], [ -75.1532616164064535, 39.9439002661994067 ], [ -75.1532821527880373, 39.943902515441998 ], [ -75.1532792190192396, 39.943893518471171 ], [ -75.1532902206522238, 39.9438243542184281 ], [ -75.1533393612796203, 39.9438311019534851 ], [ -75.1532968216320398, 39.9440161020969455 ] ] ] ] } },
{ "type": "Feature", "properties": { "name": null, "material": "brick", "type": "store", "height": 36.0, "height2": 36, "id": 414 }, "geometry": { "type": "MultiPolygon", "coordinates": [ [ [ [ -75.1533620979878236, 39.9440250990516574 ], [ -75.1532968216320398, 39.9440161020969455 ], [ -75.1533381366043045, 39.9438364279356577 ], [ -75.1533870350226039, 39.943845722043811 ], [ -75.1533789671584174, 39.9439002661994067 ], [ -75.1533892353492092, 39.9439058893057535 ], [ -75.1533620979878236, 39.9440250990516574 ] ] ] ] } },
{ "type": "Feature", "properties": { "name": null, "material": "brick", "type": "dwelling", "height": 36.0, "height2": 36, "id": 415 }, "geometry": { "type": "MultiPolygon", "coordinates": [ [ [ [ -75.1534215068059979, 39.9440324090764776 ], [ -75.1533620979878236, 39.9440250990516574 ], [ -75.1534009704244141, 39.9438743999042316 ], [ -75.1534567120315842, 39.9438817099451668 ], [ -75.1534215068059979, 39.9440324090764776 ] ] ] ] } },
{ "type": "Feature", "properties": { "name": null, "material": "brick", "type": "dwelling", "height": 24.0, "height2": 24, "id": 416 }, "geometry": { "type": "MultiPolygon", "coordinates": [ [ [ [ -75.1534567120315842, 39.9438817099451668 ], [ -75.1533951028868046, 39.9438704637280253 ], [ -75.1534046376354041, 39.9438462843549118 ], [ -75.1534611126847949, 39.9438524697767576 ], [ -75.1534567120315842, 39.9438817099451668 ] ] ] ] } },
{ "type": "Feature", "properties": { "name": null, "material": "brick", "type": "dwelling", "height": 36.0, "height2": 36, "id": 417 }, "geometry": { "type": "MultiPolygon", "coordinates": [ [ [ [ -75.1532366793716449, 39.9440065428312678 ], [ -75.1531728699002599, 39.944003168972479 ], [ -75.1531978069350544, 39.9438738375933653 ], [ -75.1532396131404568, 39.9438788983910555 ], [ -75.15322127708545, 39.9439536856910777 ], [ -75.1532480973783237, 39.9439578816014134 ], [ -75.1532366793716449, 39.9440065428312678 ] ] ] ] } },
{ "type": "Feature", "properties": { "name": null, "material": "brick", "type": "dwelling", "height": 24.0, "height2": 24, "id": 418 }, "geometry": { "type": "MultiPolygon", "coordinates": [ [ [ [ -75.1534611126847949, 39.9438524697767576 ], [ -75.1534046376354041, 39.9438462843549118 ], [ -75.1534156392684167, 39.9438091718121271 ], [ -75.1534713808755868, 39.943819293416702 ], [ -75.1534611126847949, 39.9438524697767576 ] ] ] ] } },
{ "type": "Feature", "properties": { "name": null, "material": "brick", "type": "dwelling", "height": 24.0, "height2": 24, "id": 419 }, "geometry": { "type": "MultiPolygon", "coordinates": [ [ [ [ -75.1534185730372002, 39.9437872416637347 ], [ -75.1533606311034248, 39.9437827431708925 ], [ -75.1533694324098178, 39.943748442153229 ], [ -75.1534215068059979, 39.9437568768312943 ], [ -75.1534185730372002, 39.9437872416637347 ] ] ] ] } },
{ "type": "Feature", "properties": { "name": null, "material": "brick", "type": "dwelling", "height": 36.0, "height2": 36, "id": 420 }, "geometry": { "type": "MultiPolygon", "coordinates": [ [ [ [ -75.1534119720573983, 39.9437439436578359 ], [ -75.1534105051730137, 39.9437366336021782 ], [ -75.1533628314300159, 39.9437287612336789 ], [ -75.1533628314300159, 39.9437265119853748 ], [ -75.1533173580136236, 39.9437203265521532 ], [ -75.1532946213054345, 39.9437175149914054 ], [ -75.1533015226691532, 39.9436836190525781 ], [ -75.15330152266921, 39.9436836190525852 ], [ -75.1534955844681747, 39.9437130164939731 ], [ -75.1534867831617817, 39.9437535029601918 ], [ -75.1534119720573983, 39.9437439436578359 ] ] ] ] } },
{ "type": "Feature", "properties": { "name": null, "material": "wood", "type": "dwelling", "height": 24.0, "height2": 24, "id": 421 }, "geometry": { "type": "MultiPolygon", "coordinates": [ [ [ [ -75.1525890499092526, 39.9435966177701403 ], [ -75.1525457768194656, 39.9435909946383774 ], [ -75.1525597122212616, 39.9435297024721123 ], [ -75.1526044521954475, 39.9435358879225717 ], [ -75.1525890499092526, 39.9435966177701403 ] ] ] ] } },
{ "type": "Feature", "properties": { "name": null, "material": "wood", "type": "dwelling", "height": 24.0, "height2": 24, "id": 422 }, "geometry": { "type": "MultiPolygon", "coordinates": [ [ [ [ -75.1525457768194656, 39.9435909946383774 ], [ -75.1525069043828751, 39.943585933819385 ], [ -75.1525179060158735, 39.9435240793348427 ], [ -75.1525597122212616, 39.9435297024721123 ], [ -75.1525457768194656, 39.9435909946383774 ] ] ] ] } },
{ "type": "Feature", "properties": { "name": null, "material": "wood", "type": "dwelling", "height": 24.0, "height2": 24, "id": 423 }, "geometry": { "type": "MultiPolygon", "coordinates": [ [ [ [ -75.1524643647352946, 39.9435454472540101 ], [ -75.1524687653884769, 39.9435173315695096 ], [ -75.152517673932735, 39.9435253841764748 ], [ -75.1525156685733151, 39.9435366589133807 ], [ -75.1525130992172024, 39.9435511046073799 ], [ -75.1524643647352946, 39.9435454472540101 ] ] ] ] } },
{ "type": "Feature", "properties": { "name": null, "material": "wood", "type": "dwelling", "height": 12.0, "height2": 12, "id": 424 }, "geometry": { "type": "MultiPolygon", "coordinates": [ [ [ [ -75.1525088860157524, 39.9435747924883628 ], [ -75.1524606975242904, 39.9435673774798943 ], [ -75.1524643647352946, 39.9435454472540101 ], [ -75.1525130992172024, 39.9435511046073799 ], [ -75.1525088860157524, 39.9435747924883628 ] ] ] ] } },
{ "type": "Feature", "properties": { "name": null, "material": "wood", "type": "dwelling", "height": 12.0, "height2": 12, "id": 425 }, "geometry": { "type": "MultiPolygon", "coordinates": [ [ [ [ -75.152498103076482, 39.9436022409014484 ], [ -75.1524526296600897, 39.9435949308306633 ], [ -75.1524606975242904, 39.9435673774798943 ], [ -75.1525088860157524, 39.9435747924883628 ], [ -75.152498103076482, 39.9436022409014484 ] ] ] ] } },
{ "type": "Feature", "properties": { "name": null, "material": "wood", "type": "dwelling", "height": 24.0, "height2": 24, "id": 426 }, "geometry": { "type": "MultiPolygon", "coordinates": [ [ [ [ -75.1524951693076417, 39.9436342927410806 ], [ -75.1524467621224801, 39.9436247334220553 ], [ -75.1524526296600897, 39.9435949308306633 ], [ -75.152498103076482, 39.9436022409014484 ], [ -75.1524951693076417, 39.9436342927410806 ] ] ] ] } },
{ "type": "Feature", "properties": { "name": null, "material": "wood", "type": "dwelling", "height": 24.0, "height2": 24, "id": 427 }, "geometry": { "type": "MultiPolygon", "coordinates": [ [ [ [ -75.1524923321306773, 39.9436502771391559 ], [ -75.1524379608161013, 39.9436444143715192 ], [ -75.1524467621224801, 39.9436247334220553 ], [ -75.1524951693076417, 39.9436342927410806 ], [ -75.1524923321306773, 39.9436502771391559 ] ] ] ] } },
{ "type": "Feature", "properties": { "name": null, "material": "wood", "type": "dwelling", "height": 24.0, "height2": 24, "id": 428 }, "geometry": { "type": "MultiPolygon", "coordinates": [ [ [ [ -75.1524880696976112, 39.943674291294073 ], [ -75.1524350270472894, 39.9436657822530989 ], [ -75.1524379608161013, 39.9436444143715192 ], [ -75.1524923321306773, 39.9436502771391559 ], [ -75.1524880696976112, 39.943674291294073 ] ] ] ] } },
{ "type": "Feature", "properties": { "name": null, "material": "wood", "type": "dwelling", "height": 24.0, "height2": 24, "id": 429 }, "geometry": { "type": "MultiPolygon", "coordinates": [ [ [ [ -75.1524845419159675, 39.9436941664841854 ], [ -75.1524320932785059, 39.9436871501280137 ], [ -75.1524350270472894, 39.9436657822530989 ], [ -75.1524880696976112, 39.943674291294073 ], [ -75.1524845419159675, 39.9436941664841854 ] ] ] ] } },
{ "type": "Feature", "properties": { "name": null, "material": "wood", "type": "dwelling", "height": 24.0, "height2": 24, "id": 430 }, "geometry": { "type": "MultiPolygon", "coordinates": [ [ [ [ -75.1524731660416876, 39.943714703430544 ], [ -75.1524218250876999, 39.9437107672451432 ], [ -75.1524320932785059, 39.9436871501280137 ], [ -75.1524756115495478, 39.9436929718177041 ], [ -75.1524731660416876, 39.943714703430544 ] ] ] ] } },
{ "type": "Feature", "properties": { "name": null, "material": "wood", "type": "dwelling", "height": 24.0, "height2": 24, "id": 431 }, "geometry": { "type": "MultiPolygon", "coordinates": [ [ [ [ -75.1524766090544034, 39.9437388594593088 ], [ -75.1524232919720987, 39.943731010481919 ], [ -75.1524218250876999, 39.9437107672451432 ], [ -75.1524731660416876, 39.943714703430544 ], [ -75.1524766090544034, 39.9437388594593088 ] ] ] ] } },
{ "type": "Feature", "properties": { "name": null, "material": "brick", "type": "dwelling", "height": 24.0, "height2": 24, "id": 432 }, "geometry": { "type": "MultiPolygon", "coordinates": [ [ [ [ -75.1523418798879277, 39.943682089316134 ], [ -75.152295673029343, 39.9436781531288574 ], [ -75.152308141546726, 39.943613487162672 ], [ -75.1523572821741226, 39.9436230464832605 ], [ -75.1523418798879277, 39.943682089316134 ] ] ] ] } },
{ "type": "Feature", "properties": { "name": null, "material": "brick", "type": "dwelling", "height": 24.0, "height2": 24, "id": 433 }, "geometry": { "type": "MultiPolygon", "coordinates": [ [ [ [ -75.152295673029343, 39.9436781531288574 ], [ -75.1522208619249596, 39.9436753415663901 ], [ -75.1522281963469538, 39.9436348550539151 ], [ -75.1523019644915422, 39.9436455234766399 ], [ -75.152295673029343, 39.9436781531288574 ] ] ] ] } },
{ "type": "Feature", "properties": { "name": null, "material": "brick", "type": "dwelling", "height": 24.0, "height2": 24, "id": 434 }, "geometry": { "type": "MultiPolygon", "coordinates": [ [ [ [ -75.1521761219507738, 39.943669718441086 ], [ -75.152080041022586, 39.9436584721891066 ], [ -75.1520895757711997, 39.9436185479796251 ], [ -75.1521856566993591, 39.9436309188639243 ], [ -75.1521761219507738, 39.943669718441086 ] ] ] ] } },
{ "type": "Feature", "properties": { "name": null, "material": "brick", "type": "store", "height": 24.0, "height2": 24, "id": 435 }, "geometry": { "type": "MultiPolygon", "coordinates": [ [ [ [ -75.1521929911213675, 39.9436281072995101 ], [ -75.1520895757711997, 39.9436185479796251 ], [ -75.1521027777307751, 39.9435780614335485 ], [ -75.1521981252167706, 39.9435864961326246 ], [ -75.1521929911213675, 39.9436281072995101 ] ] ] ] } },
{ "type": "Feature", "properties": { "name": null, "material": "wood", "type": "dwelling", "height": 24.0, "height2": 24, "id": 436 }, "geometry": { "type": "MultiPolygon", "coordinates": [ [ [ [ -75.1521980110700127, 39.9435874212773356 ], [ -75.1521981252167706, 39.9435864961326246 ], [ -75.1521817025898287, 39.9435850433422601 ], [ -75.1520991105197851, 39.9435730006136041 ], [ -75.1521093787105769, 39.943535325608913 ], [ -75.1522223288093443, 39.9435516327030484 ], [ -75.1522186615983543, 39.9435904323251663 ], [ -75.1521980110700127, 39.9435874212773356 ] ] ] ] } },
{ "type": "Feature", "properties": { "name": null, "material": "brick", "type": "dwelling", "height": 24.0, "height2": 24, "id": 437 }, "geometry": { "type": "MultiPolygon", "coordinates": [ [ [ [ -75.1522113271763601, 39.9435325140405695 ], [ -75.1521108455949758, 39.9435195808246988 ], [ -75.1521181800169842, 39.9434757203352504 ], [ -75.1522201284827531, 39.9434875289313354 ], [ -75.1522113271763601, 39.9435325140405695 ] ] ] ] } },
{ "type": "Feature", "properties": { "name": null, "material": "wood", "type": "dwelling", "height": 24.0, "height2": 24, "id": 438 }, "geometry": { "type": "MultiPolygon", "coordinates": [ [ [ [ -75.152411556896908, 39.9435819976265805 ], [ -75.152368283807121, 39.9435758121802849 ], [ -75.1523822192089028, 39.9435060852924764 ], [ -75.1524166909922968, 39.9435156446280786 ], [ -75.152411556896908, 39.9435819976265805 ] ] ] ] } },
{ "type": "Feature", "properties": { "name": null, "material": "wood", "type": "dwelling", "height": 24.0, "height2": 24, "id": 439 }, "geometry": { "type": "MultiPolygon", "coordinates": [ [ [ [ -75.1523932208419012, 39.9436961471259764 ], [ -75.1523426133301342, 39.9436916486271372 ], [ -75.1523498349148582, 39.9436515946725592 ], [ -75.1524012887061019, 39.9436595968143848 ], [ -75.1523932208419012, 39.9436961471259764 ] ] ] ] } },
{ "type": "Feature", "properties": { "name": null, "material": "wood", "type": "dwelling", "height": 24.0, "height2": 24, "id": 440 }, "geometry": { "type": "MultiPolygon", "coordinates": [ [ [ [ -75.152368283807121, 39.9435758121802849 ], [ -75.152316942853119, 39.9435662528530955 ], [ -75.152333812023727, 39.9435027114090104 ], [ -75.1523822192089028, 39.9435060852924764 ], [ -75.152368283807121, 39.9435758121802849 ] ] ] ] } },
{ "type": "Feature", "properties": { "name": null, "material": "wood", "type": "dwelling", "height": 24.0, "height2": 24, "id": 441 }, "geometry": { "type": "MultiPolygon", "coordinates": [ [ [ [ -75.1513576004557109, 39.9424286833813511 ], [ -75.1512698549847187, 39.9424179987547703 ], [ -75.1512769218138317, 39.9423831352232241 ], [ -75.1513708024153999, 39.942396630976944 ], [ -75.1513576004557109, 39.9424286833813511 ] ] ] ] } },
{ "type": "Feature", "properties": { "name": null, "material": "wood", "type": "dwelling", "height": 24.0, "height2": 24, "id": 442 }, "geometry": { "type": "MultiPolygon", "coordinates": [ [ [ [ -75.1513660641020209, 39.9423959498233927 ], [ -75.1512769218138317, 39.9423831352232241 ], [ -75.1512791221404228, 39.9423426479461128 ], [ -75.1513737361842118, 39.9423583930011716 ], [ -75.1513660641020209, 39.9423959498233927 ] ] ] ] } },
{ "type": "Feature", "properties": { "name": null, "material": "wood", "type": "dwelling", "height": 24.0, "height2": 24, "id": 443 }, "geometry": { "type": "MultiPolygon", "coordinates": [ [ [ [ -75.1513737361842118, 39.9423583930011716 ], [ -75.1512791221404228, 39.9423426479461128 ], [ -75.1512886568890224, 39.9422976620545569 ], [ -75.1513840043750037, 39.9423094708539566 ], [ -75.1513737361842118, 39.9423583930011716 ] ] ] ] } },
{ "type": "Feature", "properties": { "name": null, "material": "brick", "type": "dwelling", "height": 36.0, "height2": 36, "id": 444 }, "geometry": { "type": "MultiPolygon", "coordinates": [ [ [ [ -75.1513840043750037, 39.9423094708539566 ], [ -75.1512886568890224, 39.9422976620545569 ], [ -75.1512915906578201, 39.9422633602923653 ], [ -75.1513884050282002, 39.9422768560697108 ], [ -75.1513840043750037, 39.9423094708539566 ] ] ] ] } },
{ "type": "Feature", "properties": { "name": null, "material": "brick", "type": "dwelling", "height": 36.0, "height2": 36, "id": 445 }, "geometry": { "type": "MultiPolygon", "coordinates": [ [ [ [ -75.1513884050282002, 39.9422768560697108 ], [ -75.1512915906578201, 39.9422633602923653 ], [ -75.1513033257330108, 39.9422206236465556 ], [ -75.1513957394501944, 39.9422296208373737 ], [ -75.1513884050282002, 39.9422768560697108 ] ] ] ] } },
{ "type": "Feature", "properties": { "name": null, "material": "brick", "type": "dwelling", "height": 36.0, "height2": 36, "id": 446 }, "geometry": { "type": "MultiPolygon", "coordinates": [ [ [ [ -75.1521878570259787, 39.9422982243783835 ], [ -75.152069039389616, 39.942283603957371 ], [ -75.1520910426556128, 39.9422341194323209 ], [ -75.1521951914479729, 39.9422498645123625 ], [ -75.1521878570259787, 39.9422982243783835 ] ] ] ] } },
{ "type": "Feature", "properties": { "name": null, "material": "brick", "type": "store", "height": 24.0, "height2": 24, "id": 447 }, "geometry": { "type": "MultiPolygon", "coordinates": [ [ [ [ -75.1520220990888248, 39.9422779807176767 ], [ -75.1519604899440452, 39.9422712328294622 ], [ -75.1519824932100278, 39.942213875752671 ], [ -75.152029433510819, 39.9422251222421067 ], [ -75.1520220990888248, 39.9422779807176767 ] ] ] ] } },
{ "type": "Feature", "properties": { "name": null, "material": "brick", "type": "store", "height": 24.0, "height2": 24, "id": 448 }, "geometry": { "type": "MultiPolygon", "coordinates": [ [ [ [ -75.1519604899440452, 39.9422712328294622 ], [ -75.1518930132616561, 39.9422588616993224 ], [ -75.1519032814524479, 39.9422015046121501 ], [ -75.1519809282218887, 39.9422179552915679 ], [ -75.1519604899440452, 39.9422712328294622 ] ] ] ] } },
{ "type": "Feature", "properties": { "name": null, "material": "brick", "type": "store", "height": 24.0, "height2": 24, "id": 449 }, "geometry": { "type": "MultiPolygon", "coordinates": [ [ [ [ -75.1518930132616561, 39.9422588616993224 ], [ -75.1518005995444724, 39.9422476152154289 ], [ -75.151805000197669, 39.9421992553136391 ], [ -75.1518871457240465, 39.9422048785597923 ], [ -75.1518930132616561, 39.9422588616993224 ] ] ] ] } },
{ "type": "Feature", "properties": { "name": null, "material": "brick", "type": "store", "height": 24.0, "height2": 24, "id": 450 }, "geometry": { "type": "MultiPolygon", "coordinates": [ [ [ [ -75.1518005995444724, 39.9422476152154289 ], [ -75.1517419241684905, 39.9422431166213485 ], [ -75.1517580598968777, 39.9421891334694052 ], [ -75.151805000197669, 39.9421992553136391 ], [ -75.1518005995444724, 39.9422476152154289 ] ] ] ] } },
{ "type": "Feature", "properties": { "name": null, "material": "brick", "type": "dwelling", "height": 24.0, "height2": 24, "id": 451 }, "geometry": { "type": "MultiPolygon", "coordinates": [ [ [ [ -75.1517279887666945, 39.942236368729688 ], [ -75.1516847156769074, 39.9422290585129645 ], [ -75.1516964507521124, 39.9421851971962383 ], [ -75.1517404572841059, 39.9421885711446762 ], [ -75.1517279887666945, 39.942236368729688 ] ] ] ] } },
{ "type": "Feature", "properties": { "name": null, "material": "brick", "type": "dwelling", "height": 24.0, "height2": 24, "id": 452 }, "geometry": { "type": "MultiPolygon", "coordinates": [ [ [ [ -75.151685866972926, 39.942224755400801 ], [ -75.1516392422605151, 39.9422217482954665 ], [ -75.1516509773357058, 39.9421795739484722 ], [ -75.1516964507521124, 39.9421851971962383 ], [ -75.151685866972926, 39.942224755400801 ] ] ] ] } },
{ "type": "Feature", "properties": { "name": null, "material": "brick", "type": "dwelling", "height": 24.0, "height2": 24, "id": 453 }, "geometry": { "type": "MultiPolygon", "coordinates": [ [ [ [ -75.1516392422605151, 39.9422217482954665 ], [ -75.1515981694973192, 39.9422150004016885 ], [ -75.1516047704771353, 39.9421728260505375 ], [ -75.1516414425871204, 39.9421806985980581 ], [ -75.1516392422605151, 39.9422217482954665 ] ] ] ] } },
{ "type": "Feature", "properties": { "name": null, "material": "brick", "type": "dwelling", "height": 24.0, "height2": 24, "id": 454 }, "geometry": { "type": "MultiPolygon", "coordinates": [ [ [ [ -75.1515923019597238, 39.9422223106199112 ], [ -75.1515358269103473, 39.9422161250506988 ], [ -75.1515446282167403, 39.9421790116236721 ], [ -75.1516026707963789, 39.9421862411334985 ], [ -75.1515923019597238, 39.9422223106199112 ] ] ] ] } },
{ "type": "Feature", "properties": { "name": null, "material": "brick", "type": "dwelling", "height": 24.0, "height2": 24, "id": 455 }, "geometry": { "type": "MultiPolygon", "coordinates": [ [ [ [ -75.1515920047978909, 39.9421849126271269 ], [ -75.1515446282167403, 39.9421790116236721 ], [ -75.1515556298497387, 39.942144709802001 ], [ -75.1515952357285215, 39.9421508953776652 ], [ -75.1515920047978909, 39.9421849126271269 ] ] ] ] } },
{ "type": "Feature", "properties": { "name": null, "material": "brick", "type": "dwelling", "height": 24.0, "height2": 24, "id": 456 }, "geometry": { "type": "MultiPolygon", "coordinates": [ [ [ [ -75.1515952357285215, 39.9421508953776652 ], [ -75.1515556298497387, 39.942144709802001 ], [ -75.151565164598324, 39.9421120949392119 ], [ -75.1516047704771069, 39.9421154688912594 ], [ -75.1515952357285215, 39.9421508953776652 ] ] ] ] } },
{ "type": "Feature", "properties": { "name": null, "material": "brick", "type": "dwelling", "height": 24.0, "height2": 24, "id": 457 }, "geometry": { "type": "MultiPolygon", "coordinates": [ [ [ [ -75.1516150386679129, 39.9421137819152605 ], [ -75.151565164598324, 39.9421120949392119 ], [ -75.1515673649249152, 39.9420732944787602 ], [ -75.1516238399743202, 39.942077793083989 ], [ -75.1516150386679129, 39.9421137819152605 ] ] ] ] } },
{ "type": "Feature", "properties": { "name": null, "material": "brick", "type": "dwelling", "height": 24.0, "height2": 24, "id": 458 }, "geometry": { "type": "MultiPolygon", "coordinates": [ [ [ [ -75.1522003255433475, 39.9422436789456299 ], [ -75.152146239327962, 39.9422424639944751 ], [ -75.1521504514737728, 39.9422082525072497 ], [ -75.1522025258699529, 39.9422138757526639 ], [ -75.1522003255433475, 39.9422436789456299 ] ] ] ] } },
{ "type": "Feature", "properties": { "name": null, "material": "brick", "type": "dwelling", "height": 24.0, "height2": 24, "id": 459 }, "geometry": { "type": "MultiPolygon", "coordinates": [ [ [ [ -75.1522098602919471, 39.9422043162351983 ], [ -75.1521137793637877, 39.9421896957941129 ], [ -75.1521240475545795, 39.9421441474769097 ], [ -75.1522186615983543, 39.9421559563028055 ], [ -75.1522098602919471, 39.9422043162351983 ] ] ] ] } },
{ "type": "Feature", "properties": { "name": null, "material": "brick", "type": "dwelling", "height": 24.0, "height2": 24, "id": 460 }, "geometry": { "type": "MultiPolygon", "coordinates": [ [ [ [ -75.1521457154002377, 39.9421468518516889 ], [ -75.1521457154002235, 39.9421468518516889 ], [ -75.1521570524535605, 39.9420974744784374 ], [ -75.1522289297891604, 39.9421070340108386 ], [ -75.1522223288093443, 39.9421497707275819 ], [ -75.1521457154002377, 39.9421468518516889 ] ] ] ] } },
{ "type": "Feature", "properties": { "name": "", "material": "brick", "type": "dwelling", "height": 24.0, "height2": 24, "id": 461 }, "geometry": { "type": "MultiPolygon", "coordinates": [ [ [ [ -75.1522289297891604, 39.9421070340108386 ], [ -75.1521445839361775, 39.9420946628510052 ], [ -75.1521555855691759, 39.9420491144705281 ], [ -75.1522413983065434, 39.9420586740096937 ], [ -75.1522289297891604, 39.9421070340108386 ] ] ] ] } },
{ "type": "Feature", "properties": { "name": null, "material": "brick", "type": "dwelling", "height": 24.0, "height2": 24, "id": 462 }, "geometry": { "type": "MultiPolygon", "coordinates": [ [ [ [ -75.1516231065320994, 39.942063172615903 ], [ -75.1515702986937271, 39.942055862380677 ], [ -75.1515813003267255, 39.9420232474755466 ], [ -75.1516311743963143, 39.9420288707361593 ], [ -75.1516231065320994, 39.942063172615903 ] ] ] ] } },
{ "type": "Feature", "properties": { "name": null, "material": "wood", "type": "dwelling/store", "height": 24.0, "height2": 24, "id": 463 }, "geometry": { "type": "MultiPolygon", "coordinates": [ [ [ [ -75.1516311743963143, 39.9420288707361593 ], [ -75.1515813003267255, 39.9420232474755466 ], [ -75.1515908350753108, 39.9419754497416619 ], [ -75.1516414425871062, 39.941985009291102 ], [ -75.1516311743963143, 39.9420288707361593 ] ] ] ] } },
{ "type": "Feature", "properties": { "name": null, "material": "wood", "type": "dwelling/store", "height": 24.0, "height2": 24, "id": 464 }, "geometry": { "type": "MultiPolygon", "coordinates": [ [ [ [ -75.1514074745253566, 39.9421981306643588 ], [ -75.1513311965365887, 39.942190258118849 ], [ -75.1513436650539859, 39.942153144677782 ], [ -75.1514162758317639, 39.942164391177208 ], [ -75.1514074745253566, 39.9421981306643588 ] ] ] ] } },
{ "type": "Feature", "properties": { "name": null, "material": "brick", "type": "dwelling", "height": 24.0, "height2": 24, "id": 465 }, "geometry": { "type": "MultiPolygon", "coordinates": [ [ [ [ -75.1514221433693592, 39.9421250284211595 ], [ -75.1513759365107745, 39.9421171558672299 ], [ -75.151388405028186, 39.9420772307583718 ], [ -75.151435345328963, 39.9420851033168915 ], [ -75.1514221433693592, 39.9421250284211595 ] ] ] ] } },
{ "type": "Feature", "properties": { "name": null, "material": "brick", "type": "dwelling", "height": 36.0, "height2": 36, "id": 466 }, "geometry": { "type": "MultiPolygon", "coordinates": [ [ [ [ -75.1514382790977606, 39.9420665465703522 ], [ -75.151371535857578, 39.9420564247064931 ], [ -75.1513964728923725, 39.9419507073721789 ], [ -75.1514551482683544, 39.9419636408846088 ], [ -75.1514382790977606, 39.9420665465703522 ] ] ] ] } },
{ "type": "Feature", "properties": { "name": null, "material": "brick", "type": "dwelling", "height": 36.0, "height2": 36, "id": 467 }, "geometry": { "type": "MultiPolygon", "coordinates": [ [ [ [ -75.1517983992178671, 39.943820418039337 ], [ -75.1518226028104692, 39.9437034571859471 ], [ -75.1517609936656754, 39.9436944601889437 ], [ -75.1517441244950817, 39.9438114210577169 ], [ -75.1517983992178671, 39.943820418039337 ] ] ] ] } },
{ "type": "Feature", "properties": { "name": null, "material": "brick", "type": "dwelling", "height": 36.0, "height2": 36, "id": 468 }, "geometry": { "type": "MultiPolygon", "coordinates": [ [ [ [ -75.1518754106488558, 39.9438311019534709 ], [ -75.1517983992178671, 39.943820418039337 ], [ -75.1518056652615485, 39.9437853058072108 ], [ -75.1518805447442588, 39.9437990502060458 ], [ -75.1518754106488558, 39.9438311019534709 ] ] ] ] } },
{ "type": "Feature", "properties": { "name": null, "material": "brick", "type": "dwelling", "height": 36.0, "height2": 36, "id": 469 }, "geometry": { "type": "MultiPolygon", "coordinates": [ [ [ [ -75.1518781902863111, 39.9437986180368512 ], [ -75.1518056652615485, 39.9437853058072108 ], [ -75.1518137602290324, 39.9437461878850328 ], [ -75.1518226028104692, 39.9437034571859471 ], [ -75.1518893460506519, 39.943714703430544 ], [ -75.1518781902863111, 39.9437986180368512 ] ] ] ] } },
{ "type": "Feature", "properties": { "name": null, "material": "brick", "type": "dwelling", "height": 36.0, "height2": 36, "id": 470 }, "geometry": { "type": "MultiPolygon", "coordinates": [ [ [ [ -75.1518893460506519, 39.943714703430544 ], [ -75.1518427388024151, 39.9437068501033892 ], [ -75.1518482732874702, 39.9436854631907607 ], [ -75.1518328710012611, 39.9436781531288574 ], [ -75.1518321375590688, 39.9436691561285357 ], [ -75.1518959470304537, 39.9436764661913912 ], [ -75.1518893460506519, 39.943714703430544 ] ] ] ] } },
{ "type": "Feature", "properties": { "name": null, "material": "brick", "type": "dwelling", "height": 36.0, "height2": 36, "id": 471 }, "geometry": { "type": "MultiPolygon", "coordinates": [ [ [ [ -75.1518959470304537, 39.9436764661913912 ], [ -75.1518182021572727, 39.9436640953153272 ], [ -75.1518248031370746, 39.9436202349185265 ], [ -75.1519040148946402, 39.9436314811767943 ], [ -75.1518959470304537, 39.9436764661913912 ] ] ] ] } },
{ "type": "Feature", "properties": { "name": null, "material": "brick", "type": "store", "height": 36.0, "height2": 36, "id": 472 }, "geometry": { "type": "MultiPolygon", "coordinates": [ [ [ [ -75.1519040148946402, 39.9436314811767943 ], [ -75.1517815300472733, 39.9436129248496599 ], [ -75.1517895979114741, 39.9435730006136041 ], [ -75.151917216854244, 39.9435887453855401 ], [ -75.1519040148946402, 39.9436314811767943 ] ] ] ] } },
{ "type": "Feature", "properties": { "name": null, "material": "brick", "type": "dwelling", "height": 36.0, "height2": 36, "id": 473 }, "geometry": { "type": "MultiPolygon", "coordinates": [ [ [ [ -75.151917216854244, 39.9435887453855401 ], [ -75.1518615016944267, 39.9435818716220723 ], [ -75.1518644090158574, 39.943559505091919 ], [ -75.1518086674086732, 39.9435499457624559 ], [ -75.151815268388475, 39.9435364502362233 ], [ -75.151922350949647, 39.9435505080759938 ], [ -75.151917216854244, 39.9435887453855401 ] ] ] ] } },
{ "type": "Feature", "properties": { "name": null, "material": "brick", "type": "dwelling", "height": 36.0, "height2": 36, "id": 474 }, "geometry": { "type": "MultiPolygon", "coordinates": [ [ [ [ -75.151922350949647, 39.9435505080759938 ], [ -75.1517961988912759, 39.9435302647858137 ], [ -75.151805000197669, 39.9434948390135958 ], [ -75.1519289519294347, 39.9435094591757789 ], [ -75.151922350949647, 39.9435505080759938 ] ] ] ] } },
{ "type": "Feature", "properties": { "name": null, "material": "brick", "type": "dwelling", "height": 36.0, "height2": 36, "id": 475 }, "geometry": { "type": "MultiPolygon", "coordinates": [ [ [ [ -75.1519362863514289, 39.9435077722341489 ], [ -75.1517661277610785, 39.9434875289313354 ], [ -75.1517778628362834, 39.9434515408226432 ], [ -75.1519406870046396, 39.9434745957069524 ], [ -75.1519362863514289, 39.9435077722341489 ] ] ] ] } },
{ "type": "Feature", "properties": { "name": null, "material": "brick", "type": "dwelling", "height": 36.0, "height2": 36, "id": 476 }, "geometry": { "type": "MultiPolygon", "coordinates": [ [ [ [ -75.1517441244950817, 39.9438114210577169 ], [ -75.1516803150237109, 39.9438057979435968 ], [ -75.1516898497722963, 39.9437186396157102 ], [ -75.1517562136885573, 39.9437276017483143 ], [ -75.1517441244950817, 39.9438114210577169 ] ] ] ] } },
{ "type": "Feature", "properties": { "name": null, "material": "brick", "type": "dwelling", "height": 36.0, "height2": 36, "id": 477 }, "geometry": { "type": "MultiPolygon", "coordinates": [ [ [ [ -75.1516803150237109, 39.9438057979435968 ], [ -75.1516135717835141, 39.9437956763370323 ], [ -75.1516172389945325, 39.943714703430544 ], [ -75.1516502438935134, 39.9435966177701403 ], [ -75.1516971841943047, 39.9436033655276503 ], [ -75.1516729806017025, 39.9436961471259764 ], [ -75.1516575783155076, 39.943714703430544 ], [ -75.1516898497722963, 39.9437186396157102 ], [ -75.1516803150237109, 39.9438057979435968 ] ] ] ] } }
]
}
